NOME;ÁREA TERRITORIAL (KM²) - 2022;POPULAÇÃO - 2022;POPULAÇÃO - 2010;TAXA MÉDIA GEOMÉTRICA DE CRESCIMENTO ANUAL - 2010/2022;DENSIDADE DEMOGRÁFICA (HAB/HA) - 2022;DENSIDADE DEMOGRÁFICA (HAB/HA) - 2010;HOMENS - 2022;HOMENS - 2010;MULHERES - 2022;MULHERES - 2010;RAZÃO DE SEXO - 2022;RAZÃO DE SEXO - 2010;MULHERES DE 15 A 49 ANOS - 2022;MULHERES DE 15 A 49 ANOS - 2010;POPULAÇÃO DE 0 A 4 ANOS - 2022;POPULAÇÃO DE 0 A 14 ANOS - 2022;POPULAÇÃO DE 15 A 64 ANOS - 2022;POPULAÇÃO DE 65 ANOS OU MAIS - 2022;POPULAÇÃO DE 0 A 4 ANOS - 2010;POPULAÇÃO DE 0 A 14 ANOS - 2010;POPULAÇÃO DE 15 A 64 ANOS - 2010;POPULAÇÃO DE 65 ANOS OU MAIS - 2010;IDADE MÉDIA - 2022;IDADE MÉDIA - 2010;IDADE MEDIANA - 2022;IDADE MEDIANA - 2010;ÍNDICE DE ENVELHECIMENTO - 2022;ÍNDICE DE ENVELHECIMENTO - 2010;RAZÃO DE CRIANÇAS POR MULHERES - 2022;RAZÃO DE CRIANÇAS POR MULHERES - 2010;RAZÃO DE DEPENDÊNCIA DEMOGRÁFICA - 2022;RAZÃO DE DEPENDÊNCIA DEMOGRÁFICA - 2010;RAZÃO DE DEPENDÊNCIA DOS IDOSOS - 2022;RAZÃO DE DEPENDÊNCIA DOS IDOSOS - 2010;RAZÃO DE DEPENDÊNCIA DOS JOVENS - 2022;RAZÃO DE DEPENDÊNCIA DOS JOVENS - 2010;IDADE DE 0 A 4 ANOS - 2022;IDADE DE 5 A 9 ANOS - 2022;IDADE DE 10 A 14 ANOS - 2022;IDADE DE 15 A 19 ANOS - 2022;IDADE DE 20 A 24 ANOS - 2022;IDADE DE 25 A 29 ANOS - 2022;IDADE DE 30 A 34 ANOS - 2022;IDADE DE 35 A 39 ANOS - 2022;IDADE DE 40 A 44 ANOS - 2022;IDADE DE 45 A 49 ANOS - 2022;IDADE DE 50 A 54 ANOS - 2022;IDADE DE 55 A 59 ANOS - 2022;IDADE DE 60 A 64 ANOS - 2022;IDADE DE 65 A 69 ANOS - 2022;IDADE DE 70 A 79 ANOS - 2022;IDADE DE 80 ANOS OU MAIS - 2022;IDADE DE 0 A 4 ANOS - HOMENS - 2022;IDADE DE 5 A 9 ANOS - HOMENS - 2022;IDADE DE 10 A 14 ANOS - HOMENS - 2022;IDADE DE 15 A 19 ANOS - HOMENS - 2022;IDADE DE 20 A 24 ANOS - HOMENS - 2022;IDADE DE 25 A 29 ANOS - HOMENS - 2022;IDADE DE 30 A 39 ANOS - HOMENS - 2022;IDADE DE 40 A 49 ANOS - HOMENS - 2022;IDADE DE 50 A 59 ANOS - HOMENS - 2022;IDADE DE 60 A 69 ANOS - HOMENS - 2022;IDADE DE 70 ANOS OU MAIS - HOMENS - 2022;IDADE DE 0 A 4 ANOS - MULHERES - 2022;IDADE DE 5 A 9 ANOS - MULHERES - 2022;IDADE DE 10 A 14 ANOS - MULHERES - 2022;IDADE DE 15 A 19 ANOS - MULHERES - 2022;IDADE DE 20 A 24 ANOS - MULHERES - 2022;IDADE DE 25 A 29 ANOS - MULHERES - 2022;IDADE DE 30 A 39 ANOS - MULHERES - 2022;IDADE DE 40 A 49 ANOS - MULHERES - 2022;IDADE DE 50 A 59 ANOS - MULHERES - 2022;IDADE DE 60 A 69 ANOS - MULHERES - 2022;IDADE DE 70 ANOS OU MAIS - MULHERES - 2022;POPULAÇÃO POR COR OU RAÇA - BRANCA - 2022;POPULAÇÃO POR COR OU RAÇA - PRETA - 2022;POPULAÇÃO POR COR OU RAÇA - AMARELA - 2022;POPULAÇÃO POR COR OU RAÇA - PARDA - 2022;POPULAÇÃO POR COR OU RAÇA - INDÍGENA - 2022;TAXA DE ALFABETIZAÇÃO (%) - 2022;TAXA DE ALFABETIZAÇÃO DE HOMENS (%) - 2022;TAXA DE ALFABETIZAÇÃO DE MULHERES (%) - 2022;TAXA DE ALFABETIZAÇÃO DE 15 A 19 ANOS - 2022;TAXA DE ALFABETIZAÇÃO DE 20 A 24 ANOS - 2022;TAXA DE ALFABETIZAÇÃO DE 25 A 29 ANOS - 2022;TAXA DE ALFABETIZAÇÃO DE 30 A 34 ANOS - 2022;TAXA DE ALFABETIZAÇÃO DE 35 A 39 ANOS - 2022;TAXA DE ALFABETIZAÇÃO DE 40 A 44 ANOS - 2022;TAXA DE ALFABETIZAÇÃO DE 45 A 49 ANOS - 2022;TAXA DE ALFABETIZAÇÃO DE 50 A 54 ANOS - 2022;TAXA DE ALFABETIZAÇÃO DE 55 A 59 ANOS - 2022;TAXA DE ALFABETIZAÇÃO DE 60 A 64 ANOS - 2022;TAXA DE ALFABETIZAÇÃO DE 65 A 69 ANOS - 2022;TAXA DE ALFABETIZAÇÃO DE 70 A 79 ANOS - 2022;TAXA DE ALFABETIZAÇÃO DE 80 ANOS OU MAIS - 2022;DOMICÍLIOS - 2022;DOMICÍLIOS - 2010;CRESCIMENTO DOS DOMICÍLIOS (%) - 2010/2022;DOMICÍLIOS PARTICULARES - 2022;DOMICÍLIOS PARTICULARES - 2010;DOMICÍLIOS PARTICULARES PERMANENTES - 2022;DOMICÍLIOS PARTICULARES PERMANENTES - 2010;DOMICÍLIOS COLETIVOS - 2022;DOMICÍLIOS COLETIVOS - 2010;MÉDIA DE MORADORES - 2022;MÉDIA DE MORADORES - 2010;DOMICÍLIOS PARTICULARES PERMANENTES OCUPADOS POR TIPO - CASA - 2022;DOMICÍLIOS PARTICULARES PERMANENTES OCUPADOS POR TIPO - CASA DE VILA OU EM CONDOMÍNIO - 2022;DOMICÍLIOS PARTICULARES PERMANENTES OCUPADOS POR TIPO - APARTAMENTO - 2022;DOMICÍLIOS PARTICULARES PERMANENTES OCUPADOS POR TIPO - HABITAÇÃO EM CASA DE CÔMODOS OU CORTIÇO - 2022;DOMICÍLIOS PARTICULARES PERMANENTES OCUPADOS POR TIPO - HABITAÇÃO INDÍGENA SEM PAREDES OU MALOCA - 2022;DOMICÍLIOS PARTICULARES PERMANENTES OCUPADOS POR TIPO - ESTRUTURA RESIDENCIAL PERMANENTE DEGRADADA OU INACABADA - 2022;DOMICÍLIOS PARTICULARES PERMANENTES OCUPADOS POR TIPO - CASA - 2010;DOMICÍLIOS PARTICULARES PERMANENTES OCUPADOS POR TIPO - CASA DE VILA OU EM CONDOMÍNIO - 2010;DOMICÍLIOS PARTICULARES PERMANENTES OCUPADOS POR TIPO - APARTAMENTO - 2010;DOMICÍLIOS PARTICULARES PERMANENTES OCUPADOS POR TIPO - HABITAÇÃO EM CASA DE CÔMODOS OU CORTIÇO - 2010;DOMICÍLIOS PARTICULARES PERMANENTES OCUPADOS POR TIPO - HABITAÇÃO INDÍGENA SEM PAREDES OU MALOCA - 2010;DOMICÍLIOS PARTICULARES PERMANENTES OCUPADOS POR PRINCIPAL FORMA DE ABASTECIMENTO DE ÁGUA - REDE GERAL - 2022;DOMICÍLIOS PARTICULARES PERMANENTES OCUPADOS POR PRINCIPAL FORMA DE ABASTECIMENTO DE ÁGUA - POÇO PROFUNDO OU ARTESIANO - 2022;DOMICÍLIOS PARTICULARES PERMANENTES OCUPADOS POR PRINCIPAL FORMA DE ABASTECIMENTO DE ÁGUA - POÇO RASO, FREÁTICO OU CACIMBA - 2022;DOMICÍLIOS PARTICULARES PERMANENTES OCUPADOS POR PRINCIPAL FORMA DE ABASTECIMENTO DE ÁGUA - FONTE, NASCENTE OU MINA - 2022;DOMICÍLIOS PARTICULARES PERMANENTES OCUPADOS POR PRINCIPAL FORMA DE ABASTECIMENTO DE ÁGUA - CARRO-PIPA - 2022;DOMICÍLIOS PARTICULARES PERMANENTES OCUPADOS POR PRINCIPAL FORMA DE ABASTECIMENTO DE ÁGUA - ÁGUA DA CHUVA ARMAZENADA - 2022;DOMICÍLIOS PARTICULARES PERMANENTES OCUPADOS POR PRINCIPAL FORMA DE ABASTECIMENTO DE ÁGUA - RIOS, AÇUDES, CÓRREGOS, LAGOS E IGARAPÉS - 2022;DOMICÍLIOS PARTICULARES PERMANENTES OCUPADOS POR PRINCIPAL FORMA DE ABASTECIMENTO DE ÁGUA - OUTRO - 2022;DOMICÍLIOS PARTICULARES PERMANENTES OCUPADOS POR TIPO DE ESGOTAMENTO SANITÁRIO - REDE GERAL OU PLUVIAL - 2022;DOMICÍLIOS PARTICULARES PERMANENTES OCUPADOS POR TIPO DE ESGOTAMENTO SANITÁRIO - FOSSA SÉPTICA OU FOSSA FILTRO LIGADA À REDE - 2022;DOMICÍLIOS PARTICULARES PERMANENTES OCUPADOS POR TIPO DE ESGOTAMENTO SANITÁRIO - FOSSA SÉPTICA OU FOSSA FILTRO NÃO LIGADA À REDE - 2022;DOMICÍLIOS PARTICULARES PERMANENTES OCUPADOS POR TIPO DE ESGOTAMENTO SANITÁRIO - FOSSA RUDIMENTAR OU BURACO - 2022;DOMICÍLIOS PARTICULARES PERMANENTES OCUPADOS POR TIPO DE ESGOTAMENTO SANITÁRIO - VALA - 2022;DOMICÍLIOS PARTICULARES PERMANENTES OCUPADOS POR TIPO DE ESGOTAMENTO SANITÁRIO - RIO, LAGO, CÓRREGO OU MAR - 2022;DOMICÍLIOS PARTICULARES PERMANENTES OCUPADOS POR TIPO DE ESGOTAMENTO SANITÁRIO - OUTRO - 2022;DOMICÍLIOS PARTICULARES PERMANENTES OCUPADOS POR TIPO DE ESGOTAMENTO SANITÁRIO - NÃO TINHAM BANHEIRO NEM SANITÁRIO - 2022;DOMICÍLIOS PARTICULARES PERMANENTES OCUPADOS POR DESTINO DO LIXO - COLETADO NO DOMICÍLIO POR SERVIÇO DE LIMPEZA - 2022;DOMICÍLIOS PARTICULARES PERMANENTES OCUPADOS POR DESTINO DO LIXO - DEPOSITADO EM CAÇAMBA DE SERVIÇO DE LIMPEZA - 2022;DOMICÍLIOS PARTICULARES PERMANENTES OCUPADOS POR DESTINO DO LIXO - QUEIMADO NA PROPRIEDADE - 2022;DOMICÍLIOS PARTICULARES PERMANENTES OCUPADOS POR DESTINO DO LIXO - ENTERRADO NA PROPRIEDADE - 2022;DOMICÍLIOS PARTICULARES PERMANENTES OCUPADOS POR DESTINO DO LIXO - JOGADO EM TERRENO BALDIO, ENCOSTA OU ÁREA PÚBLICA - 2022;DOMICÍLIOS PARTICULARES PERMANENTES OCUPADOS POR DESTINO DO LIXO - OUTRA - 2022;RENDIMENTO NOMINAL MÉDIO MENSAL DAS PESSOAS RESPONSÁVEIS POR DOMICÍLIOS PARTICULARES PERMANENTES OCUPADOS (R$) - 2022;X;Y;LINK
CAMPO GRANDE-MS;8.082,98;898.100;786.797;1,11;1,11;0,97;430.869;381.333;467.231;405.464;92,22;94,05;242.091;232.733;59.766;184.833;622.137;91.130;56.961;178.020;556.055;52.722;35,19;31,69;34;28,89;49,30;29,62;246,87;244,75;44,36;41,50;14,65;9,48;29,71;32,01;59.766;63.928;61.139;60.791;66.260;71.631;70.858;71.900;71.060;60.568;55.483;50.341;43.245;33.667;39.305;18.158;30.320;32.480;31.329;30.977;33.186;35.395;69.621;61.798;48.468;33.730;23.565;29.446;31.448;29.810;29.814;33.074;36.236;73.137;69.830;57.356;43.182;33.898;405.400;64.997;10.239;407.905;9.538;97,09;97,27;96,94;99,16;99,22;99,30;99,20;99,00;98,50;98,00;97,10;95,90;94,40;93,20;89,50;83,02;392.791;283.333;38,63;392.472;283.017;392.326;249.800;319;319;2,73;3,12;265.683;21.741;37.931;356;5;124;218.089;12.387;18.635;689;0;309.541;14.379;1.231;256;8;28;44;353;208.462;10.472;71.660;34.770;58;124;259;35;316.630;6.671;1.784;238;46;471;3.760,07;-54,25060573;-20,91328650;
REGIÃO URBANA CENTRO;20,09;61.653;71.037;-1,17;30,69;35,32;28.001;32.482;33.651;38.555;83,21;84,25;15.128;20.435;2.395;7.783;41.513;12.344;3.091;10.249;51.308;9.480;38,7;38,21;39;36,39;158,60;92,50;158,32;151,26;48,48;38,45;29,74;18,48;18,75;19,98;2.395;2.579;2.809;3.319;3.928;4.257;4.475;4.372;4.576;4.108;4.081;4.207;4.190;3.691;5.317;3.336;1.167;1.292;1.421;1.677;1.878;2.109;4.332;3.896;3.622;3.324;3.242;1.198;1.270;1.376;1.635;2.046;2.146;4.515;4.786;4.665;4.555;5.411;40.817;2.107;2.893;15.656;108;99,00;99,10;98,90;99,50;99,60;99,60;99,30;99,50;99,20;99,30;99,20;99,30;99,10;98,80;98,30;95,40;34.233;31.515;8,62;34.155;31.399;34.148;25.551;78;116;2,35;2,76;12.566;2.176;11.234;64;0;0;14.576;2.079;8.759;137;0;25.430;571;3;0;0;0;0;8;25.352;191;243;97;0;3;19;0;24.327;1.719;0;0;0;0;2.376,78;-54,61272526;-20,45863854;
REGIÃO URBANA SEGREDO;45,63;128.312;108.962;1,37;28,12;24,23;61.300;52.791;66.763;56.171;91,82;93,98;35.597;32.732;8.814;27.689;89.158;11.111;8.897;26.863;76.137;5.962;32,8;30,16;33;27,78;40,13;22,19;247,61;271,81;43,52;43,11;12,46;7,83;31,06;35,28;8.814;9.638;9.237;8.890;9.684;10.356;10.133;10.540;10.595;8.774;7.698;6.804;5.684;4.353;4.785;1.973;4.522;4.901;4.680;4.528;4.898;5.048;9.909;8.981;6.615;4.344;2.816;4.283;4.734;4.554;4.356;4.783;5.300;10.767;10.391;7.892;5.692;3.957;53.538;11.038;936;61.352;1.029;96,60;96,60;96,50;99,20;99,20;99,30;99,30;99,00;98,30;98,00;96,50;95,00;92,90;89,90;85,70;73,90;56.381;38.685;45,74;56.356;38.664;56.337;34.451;25;21;2,78;3,14;39.302;2.982;3.654;14;0;11;31.128;2.019;1.236;68;0;45.799;157;10;16;0;0;0;6;22.917;1.167;16.579;5.140;4;0;0;0;45.330;619;17;0;4;40;7.635,64;-54,60133917;-20,40560917;
REGIÃO URBANA PROSA;55,41;95.589;82.328;1,25;17,25;14,79;43.666;41.078;48.095;41.250;90,79;99,58;24.497;23.944;6.060;18.620;63.458;9.593;5.776;17.773;59.793;4.762;35,4;31,74;36;30,23;51,52;26,79;247,38;241,23;44,46;37,69;15,12;7,96;29,34;29,72;6.060;6.424;6.136;6.100;6.189;6.680;6.972;7.410;7.379;6.381;5.842;5.672;4.833;3.761;4.011;1.821;3.053;3.313;3.165;3.041;3.070;3.250;6.801;6.415;5.215;3.851;2.417;2.996;3.102;2.966;3.052;3.108;3.414;7.583;7.340;6.298;4.743;3.432;49.456;5.779;1.342;33.548;1.498;97,90;98,00;97,80;99,50;99,30;99,00;99,20;99,30;98,80;98,30;98,00;97,20;96,80;96,10;92,70;88,00;39.293;28.888;36,02;39.260;28.867;39.256;25.249;33;21;2,77;3,14;25.688;3.074;4.224;0;0;13;21.857;1.395;1.966;31;0;32.875;103;9;0;0;0;0;19;21.405;272;8.974;2.221;0;0;13;0;32.722;237;51;0;0;7;2.924,89;-54,54996340;-20,43707908;
REGIÃO URBANA BANDEIRA;65,01;136.691;113.118;1,59;21,03;18,14;65.093;54.853;71.517;58.265;91,02;94,14;37.638;34.318;9.140;27.736;95.636;13.170;8.084;25.218;81.013;6.887;33,6;31,45;33;28,79;47,48;27,31;242,84;235,56;42,77;39,63;13,77;8,50;29,00;31,13;9.140;9.540;9.056;8.772;9.593;10.908;10.963;11.705;11.410;9.431;8.480;7.742;6.632;5.127;5.631;2.412;4.636;4.860;4.591;4.492;4.701;5.206;11.006;9.714;7.441;5.123;3.260;4.493;4.667;4.461;4.271;4.880;5.700;11.660;11.127;8.784;6.635;4.802;68.906;9.014;1.521;55.713;1.278;97,50;97,70;97,20;99,20;99,30;99,50;99,40;99,20;99,00;98,40;97,70;96,60;95,30;94,00;89,60;81,40;59.404;41.512;43,10;59.365;41.475;59.347;36.197;39;37;2,69;3,12;39.654;4.346;6.505;26;0;9;31.655;2.240;2.232;70;0;49.979;528;7;0;0;0;0;3;35.654;1.549;8.453;4.658;0;59;17;0;49.701;737;11;4;0;141;6.192,20;-54,57080453;-20,51115031;
REGIÃO URBANA ANHANDUIZINHO;65,05;218.585;185.558;1,37;33,60;29,97;104.665;89.927;113.867;95.631;91,92;94,04;60.628;33.868;16.147;49.143;151.106;18.115;14.809;46.017;129.088;10.453;31,9;30,23;31;27,75;36,86;22,72;266,33;267,07;44,51;43,75;11,99;8,10;32,52;35,65;16.147;17.119;15.877;15.705;17.239;18.672;17.644;17.051;16.633;14.306;13.165;11.373;9.318;6.932;7.931;3.252;8.230;8.523;8.165;7.952;8.449;9.046;16.594;14.553;11.273;7.064;4.722;7.907;8.590;7.699;7.742;8.782;9.622;18.101;16.381;13.263;9.202;6.481;84.041;18.114;1.365;113.177;1.567;96,40;96,60;96,00;99,00;99,20;99,30;99,10;98,70;98,30;97,40;96,20;94,30;91,80;90,50;84,40;73,30;93.723;63.105;48,52;93.699;63.071;93.639;57.845;24;34;2,77;3,19;66.845;4.378;7.434;63;0;47;54.251;1.679;1.746;169;0;74.060;4.260;307;11;0;0;0;96;52.236;1.337;17.203;7.702;13;0;31;0;76.760;1.950;82;3;12;44;4.436,18;-54,62716795;-20,53549773;
REGIÃO URBANA LAGOA;50,19;134.964;114.447;1,38;26,89;22,63;64.467;55.379;70.482;59.068;91,47;93,75;36.725;55.450;9.286;29.111;92.857;12.916;8.656;26.909;80.417;7.121;32,2;31,21;32;28,5;44,37;26,46;252,85;255,58;45,26;42,32;13,91;8,86;31,35;33,46;9.286;10.109;9.716;9.555;10.092;10.491;10.426;10.943;10.756;8.759;8.123;7.282;6.430;4.977;5.508;2.431;4.708;5.185;4.964;4.832;5.070;5.051;10.245;9.091;7.007;5.011;3.265;4.576;4.923;4.751;4.721;5.022;5.437;11.121;10.424;8.400;6.395;4.683;56.099;9.598;745;67.528;776;97,10;97,20;96,90;99,10;99,20;99,40;99,00;99,00;98,40;98,00;97,60;96,20;94,30;93,20;89,10;79,10;55.700;39.308;41,70;55.680;39.284;55.664;35.568;20;24;2,81;3,21;42.844;3.094;1.865;20;0;0;32.447;1.968;1.055;98;0;44.594;3.101;57;8;0;0;0;0;23.896;4.259;11.832;7.705;0;0;3;0;47.447;409;0;0;0;11;2.729,03;-54,67491180;-20,50137080;
REGIÃO URBANA IMBIRUSSU;57,34;108.031;98.752;0,75;18,84;17,20;51.522;47.692;56.212;51.060;91,66;93,40;28.522;28.964;7.027;21.861;74.031;11.744;6.777;22.074;69.463;7.215;32,4;32,18;32;30,27;53,72;32,69;246,37;233,98;45,39;42,16;15,86;10,39;29,53;31,78;7.027;7.504;7.330;7.523;8.073;8.235;8.209;8.032;8.062;7.512;6.982;6.185;5.218;4.077;5.288;2.379;3.510;3.855;3.815;3.942;4.055;4.099;7.812;7.198;6.042;4.021;3.112;3.511;3.646;3.510;3.574;4.013;4.127;8.430;8.378;7.124;5.279;4.564;46.213;7.820;851;50.903;1.801;97,20;97,40;97,00;99,20;99,40;99,20;99,20;99,10;98,70;97,90;97,10;96,10;95,20;94,00;90,80;84,50;45.685;34.455;32,59;45.662;34.439;45.650;30.908;23;16;2,81;3,19;34.007;1.331;2.842;19;0;0;28.198;1.001;1.640;69;0;35.198;2.880;76;0;0;0;0;4;26.706;1.011;6.079;4.250;0;23;15;0;37.898;235;82;0;0;11;3.092,89;-54,69709313;-20,47007914;
AERO RANCHO;6,57;36.374;36.057;0,07;55,35;54,65;17.430;17.536;18.944;18.521;92,01;94,68;9.785;11.086;2.410;7.662;25.517;3.192;2893;8.796;25584;1.677;31,4;29,83;31;27,5;41,66;19,07;246,30;260,96;42,54;40,94;12,51;6,55;30,03;34,38;2.410;2.706;2.546;2.653;2.716;2.900;2.786;2.706;2.752;2.559;2.476;2.285;1.684;1.312;1.364;516;1.272;1.341;1.321;1.392;1.349;1.415;2.609;2.522;2.110;1.312;785;1.138;1.365;1.225;1.261;1.367;1.485;2.883;2.789;2.651;1.684;1.096;13.805;3.016;130;19.090;296;96,20;96,50;96,00;99,20;98,70;99,10;98,70;98,70;98,60;97,80;96,70;95,30;92,30;89,60;83,90;69,40;14.812;11.715;26,44;14.807;11.708;14.804;11.005;5;7;2,81;3,27;12.247;500;138;11;0;0;10.718;65;176;46;0;12.000;902;7;0;0;0;0;0;8.243;514;3.601;521;3;0;0;0;12.925;0;0;0;0;0;2.189,73;-54,64658001;-20,51963563;https://maps.google.com/?cid=11587773630709328146&g_mp=Cidnb29nbGUubWFwcy5wbGFjZXMudjEuUGxhY2VzLlNlYXJjaFRleHQ
ALVES PEREIRA;3,46;15.383;16.475;-0,57;44,47;47,38;7.388;8.045;7.995;8.430;92,41;95,43;3.971;4.841;1.007;3.182;10.546;1.654;1261;3.912;11642;921;31,1;30,89;30;28,4;51,98;23,54;253,59;260,48;45,86;41,51;15,68;7,91;30,17;33,60;1.007;1.082;1.093;1.084;1.148;1.109;1.061;1.106;1.238;1.038;1.015;899;848;632;734;288;543;561;566;563;556;561;1.048;1.085;853;611;441;464;521;527;521;592;548;1.119;1.191;1.061;869;582;5.776;1.288;50;8.165;78;96,10;96,80;95,40;98,90;99,70;98,70;99,50;98,80;98,90;97,70;96,70;94,90;92,50;92,90;84,30;69,80;6.414;5.461;17,45;6.413;5.460;6.408;5.098;1;1;2,79;3,23;5.425;59;0;3;0;0;5.041;52;0;5;0;5.409;72;0;0;0;0;0;0;5.063;51;279;79;0;0;0;0;5.497;0;0;0;0;4;2.339,43;-54,60943329;-20,52976065;
AMAMBAÍ;2,49;5.912;8.190;-2,68;23,71;32,21;2.828;3.860;3.084;4.330;91,70;89,15;1.395;2.254;221;743;3.997;1.172;382;1.246;5780;1.164;42,1;38,09;42;36,17;157,74;93,42;158,42;169,48;47,91;41,70;29,32;20,14;18,59;21,56;221;241;281;298;409;442;411;402;436;382;452;394;371;353;456;363;113;138;156;154;202;234;403;388;382;330;320;104;101;125;142;205;208;410;430;464;394;499;3.397;259;364;1.875;9;99,00;98,90;99,10;99,30;99,80;98,90;99,50;99,50;99,30;99,50;99,10;99,50;98,70;99,40;98,70;95,90;3.398;3.743;-9,22;3.377;3.708;3.375;2.929;21;35;2,41;2,76;1.471;247;694;14;0;0;1.760;340;779;50;0;2.316;114;0;0;0;0;0;0;2.356;19;19;16;0;0;0;0;2.383;48;0;0;0;0;5.325,66;-54,62764848;-20,46734415;
AMÉRICA;1,12;1.605;1.533;0,38;14,28;13,82;757;739;848;794;89,27;93,07;462;450;82;232;1.159;214;91;271;1127;135;38,2;34,91;35;32,21;92,24;49,82;177,49;202,22;38,48;36,02;18,46;11,98;20,02;24,05;82;65;85;83;148;143;137;112;145;108;99;91;93;70;99;45;39;37;41;41;72;69;120;112;90;81;55;41;28;44;42;76;74;129;141;100;82;89;900;62;81;561;0;99,10;99,10;99,20;97,60;100,00;100,00;99,30;100,00;98,60;99,10;100,00;98,90;100,00;98,60;98,00;95,60;929;621;49,60;929;620;924;531;0;1;2,34;2,88;400;94;186;0;0;0;433;83;11;4;0;676;5;0;0;0;0;0;0;673;0;3;3;0;0;0;0;683;0;0;0;0;0;4.823,46;-54,61838943;-20,48665315;
AUTONOMISTA;2,15;6.239;7.580;-1,61;29,05;35,43;2.885;3.565;3.354;4.015;86,02;88,79;1.357;2.175;230;818;4.078;1.338;312;1.091;5759;730;40,3;37,54;41;36,87;163,57;66,91;169,49;143,45;52,87;31,62;32,81;12,68;20,06;18,94;230;282;306;298;310;347;379;401;501;405;432;511;494;471;589;278;105;132;173;157;155;175;359;434;397;423;365;121;148;133;141;155;171;421;469;542;541;502;4.708;146;231;1.137;11;99,40;99,40;99,30;99,30;99,70;99,10;99,50;99,80;99,20;99,80;99,50;99,40;99,60;99,40;98,50;99,30;2.693;2.575;4,58;2.692;2.575;2.692;2.409;1;0;2,62;3,15;2.148;213;5;0;0;0;2.244;142;23;0;0;2.369;0;0;0;0;0;0;0;2.344;9;14;0;0;0;0;0;2.375;0;0;0;0;0;9.447,63;-54,58947822;-20,44201702;
BANDEIRANTES;1,62;4.964;5.920;-1,46;30,69;36,31;2.289;2.783;2.675;3.137;85,57;88,72;1.197;1.708;199;713;3.313;938;326;966;4323;631;39,2;36,29;39;33,7;131,56;65,32;166,25;190,87;49,83;36,94;28,31;14,60;21,52;22,35;199;247;267;308;329;343;293;334;379;305;329;346;347;299;418;221;98;123;149;134;169;168;309;314;304;272;249;101;124;118;174;160;175;318;370;371;374;390;2.825;221;170;1.723;20;98,80;98,90;98,80;99,40;99,10;100,00;99,00;99,40;98,70;98,70;98,20;99,40;99,10;99,00;98,80;95,00;2.422;2.361;2,58;2.420;2.361;2.418;2.053;2;0;2,51;2,88;1.346;379;236;0;0;0;1.420;391;237;5;0;1.943;16;0;0;0;0;0;0;1.907;6;39;0;0;0;0;0;1.960;0;0;0;0;0;4.607,61;-54,64129725;-20,48036801;
BATISTÃO;2,08;9.964;8.893;0,95;47,86;42,50;4.796;4.389;5.168;4.504;92,80;97,45;2.783;2.692;722;2.228;6.981;754;753;2.232;6223;438;32,7;29,49;32;27,16;33,84;19,62;259,43;279,72;42,72;42,91;10,80;7,04;31,92;35,87;722;772;734;705;765;801;783;848;792;700;659;505;423;325;296;133;368;391;365;355;385;387;778;706;527;341;193;354;381;369;350;380;414;853;786;637;407;237;4.029;747;18;5.100;54;97,00;97,30;96,60;99,30;99,60;99,60;99,10;98,90;99,00;98,00;97,30;93,90;93,40;90,80;88,20;69,90;4.236;3.010;40,73;4.234;3.008;4.232;2.691;2;2;2,83;3,29;3.099;284;131;0;0;0;2.567;118;0;6;0;3.432;70;0;0;0;0;0;0;1.367;557;1.128;445;0;0;0;0;3.516;0;0;0;0;0;2.425,76;-54,66809938;-20,52512283;
BELA VISTA;1,24;2.130;1.730;1,75;17,22;13,97;999;841;1.131;889;88,33;94,60;617;497;78;267;1.518;344;78;249;1305;176;39,5;37,46;40;36,03;128,84;70,68;126,42;156,94;40,25;32,57;22,66;13,49;17,59;19,08;78;92;97;134;169;142;178;199;169;147;123;124;133;123;146;75;39;48;50;58;76;65;185;137;115;115;109;37;44;47;76;93;77;192;179;132;141;113;1.676;37;74;338;0;99,20;99,30;99,10;98,50;99,40;100,00;99,40;99,50;100,00;98,00;100,00;99,20;99,20;100,00;97,90;97,30;1.052;648;62,35;1.050;648;1.050;550;2;0;2,36;3,15;483;79;331;6;0;0;536;13;0;1;0;899;0;0;0;0;0;0;0;883;0;8;5;0;0;0;0;590;312;0;0;0;0;11.329,80;-54,59415226;-20,47020443;
CABREÚVA;0,69;1.985;2.804;-2,84;28,57;36,98;906;1.311;1.079;1.493;83,97;87,81;467;764;75;257;1.311;417;141;473;1959;372;41,6;37,36;43;35,43;162,26;78,65;160,60;184,55;51,41;43,13;31,81;18,99;19,60;24,14;75;90;92;102;123;133;124;134;144;129;124;144;154;120;189;108;34;49;46;51;57;66;132;116;114;137;104;41;41;46;51;66;67;126;157;154;137;193;1.028;99;165;686;4;99,00;99,20;98,70;100,00;100,00;100,00;100,00;100,00;99,30;100,00;99,20;99,30;100,00;98,30;96,30;94,40;1.026;1.070;-4,11;1.025;1.068;1.025;964;1;2;2,51;2,89;696;67;17;0;0;0;831;103;29;1;0;779;0;0;0;0;0;0;0;721;7;25;21;0;3;0;0;781;0;0;0;0;0;3.922,06;-54,62280396;-20,45043832;
CAIÇARA;1,44;5.507;6.169;-0,94;38,32;42,61;2.595;2.865;2.912;3.304;89,11;86,71;1.331;1.785;283;912;3.703;892;369;1.221;4322;626;38,4;34,86;39;32,64;97,81;51,27;212,62;206,72;48,72;42,73;24,09;14,48;24,63;28,25;283;323;306;346;370;349;338;398;417;367;393;405;320;298;391;203;143;171;155;182;186;176;341;369;359;279;234;140;152;151;164;184;173;395;415;439;339;360;2.645;314;73;2.459;10;97,10;97,10;97,00;99,10;98,90;100,00;99,10;98,00;98,80;98,40;98,20;98,30;96,30;97,00;91,00;82,30;2.436;2.233;9,09;2.435;2.229;2.435;2.017;1;4;2,62;3,04;2.019;66;0;0;0;0;1.958;54;5;0;0;2.054;28;0;0;0;0;0;0;1.614;434;18;8;0;0;3;0;2.078;8;0;0;0;0;3.658,00;-54,65266195;-20,48438904;
CAIOBÁ;10,69;22.062;7.874;8,97;20,64;7,06;10.646;3.908;11.413;3.966;93,28;98,54;6.402;2.250;1.995;6.123;14.920;993;755;2.361;5167;346;28,6;27,65;28;25,28;16,22;14,65;311,62;335,56;47,69;52,39;6,66;6,70;41,04;45,69;1.995;2.135;1.993;1.863;1.833;1.919;1.883;1.942;1.720;1.182;1.025;871;682;431;411;151;964;1.078;1.021;944;891;921;1.849;1.332;867;516;253;1.031;1.056;972;919;942;998;1.973;1.570;1.029;600;314;7.010;1.884;28;12.933;166;96,20;96,20;96,10;98,70;98,50;99,10;98,90;98,60;97,70;96,60;95,10;91,30;87,70;89,60;77,60;59,60;8.151;2.512;224,48;8.151;2.512;8.149;2.255;0;0;3,05;3,49;7.170;48;0;0;0;0;2.244;10;0;1;0;6.662;543;5;4;0;0;0;0;4.571;363;590;1.673;0;0;0;0;7.211;0;0;0;0;11;1.884,48;-54,68992621;-20,52541824;
CARANDÁ;4,11;10.391;8.485;1,70;25,26;20,46;4.948;4.061;5.443;4.424;90,91;91,79;2.719;2.679;549;1.768;7.407;1.216;597;1.680;6337;468;36,9;33,35;38;33,1;68,78;27,86;201,91;222,84;40,29;33,90;16,42;7,39;23,87;26,51;549;607;612;555;516;618;815;866;918;816;758;841;704;501;475;240;279;324;321;273;252;279;774;805;749;581;309;270;283;291;282;264;337;907;929;850;624;406;7.887;219;312;1.960;7;99,50;99,60;99,40;99,80;100,00;99,50;99,50;99,80;99,90;99,50;99,90;99,60;99,30;99,20;97,90;96,30;4.515;3.248;39,01;4.513;3.245;4.513;2.755;2;3;2,67;3,08;2.596;577;715;0;0;0;2.186;312;251;6;0;3.889;0;0;0;0;0;0;0;3.850;6;7;0;0;0;0;0;3.873;13;0;0;0;0;12.621,31;-54,57185020;-20,43978626;
CARLOTA;1,55;6.032;5.705;0,47;38,89;40,90;2.835;2.675;3.197;3.030;88,68;88,28;1.645;1.772;318;972;4.289;771;370;1.111;4159;435;35,1;33,60;34;31,72;79,32;39,15;193,31;208,80;40,64;37,17;17,98;10,46;22,66;26,71;318;331;323;359;414;501;468;508;495;422;415;371;336;236;367;168;161;169;172;189;189;241;491;412;346;256;209;157;162;151;170;225;260;485;505;440;316;326;3.610;296;139;1.974;0;98,40;98,70;98,10;99,40;99,80;99,40;99,60;99,20;99,00;99,10;98,60;98,40;97,30;97,90;95,10;90,50;2.928;2.186;33,94;2.926;2.183;2.925;1.906;2;3;2,47;2,99;1.594;154;674;3;0;0;1.488;207;204;7;0;2.367;57;0;0;0;0;0;0;2.393;6;22;0;0;0;0;0;2.430;0;0;0;0;0;5.429,76;-54,59982361;-20,49374137;
CARVALHO;0,72;2.194;2.827;-2,09;30,58;40,13;1.001;1.285;1.193;1.542;83,91;83,33;511;837;85;289;1.474;431;125;429;2050;348;39,4;37,43;40;35,82;149,13;81,12;166,34;149,34;48,85;37,90;29,24;16,98;19,61;20,93;85;86;118;115;145;157;161;158;145;138;150;148;157;116;192;123;37;45;50;64;65;80;157;142;140;105;116;48;41;68;51;80;77;162;141;158;168;199;1.161;121;135;766;8;98,40;98,00;98,60;100,00;100,00;100,00;99,40;98,10;99,30;97,80;96,70;100,00;98,70;97,40;96,90;94,30;1.275;1.318;-3,26;1.274;1.317;1.273;1.034;1;1;2,35;2,72;693;91;128;8;0;0;805;91;124;14;0;913;8;0;0;0;0;0;0;920;3;0;0;0;0;0;0;903;24;0;0;0;0;4.071,37;-54,61963594;-20,47591352;
CENTENÁRIO;6,72;22.304;16.750;2,42;33,17;24,95;10.700;8.154;11.604;8.596;92,21;94,86;6.494;5.212;1.722;5.242;15.682;1.359;1480;4.373;11710;667;31,5;28,63;31;27,02;25,93;15,25;265,17;283,96;42,09;43,04;8,67;5,70;33,43;37,34;1.722;1.797;1.723;1.628;1.778;1.907;1.797;1.977;1.877;1.511;1.228;1.074;905;531;605;223;876;899;899;789;893;946;1.752;1.601;1.043;633;358;846;898;824;839;885;961;2.022;1.787;1.257;808;468;8.417;1.774;88;11.855;141;97,00;97,10;96,80;99,50;99,50;99,30;99,10;98,60;98,80;97,60;96,50;94,70;92,80;89,80;83,60;73,10;10.011;5.902;69,62;10.010;5.893;10.003;5.277;1;9;2,78;3,17;5.846;456;1.699;0;0;0;4.731;405;137;4;0;7.576;390;18;0;0;0;0;0;2.876;104;4.491;499;0;0;0;0;7.781;207;3;0;0;4;2.391,41;-54,64707317;-20,53847271;
CENTRO;2,92;9.007;11.509;-2,02;30,87;39,49;3.918;4.984;5.088;6.525;77,00;76,38;2.059;3.222;301;984;5.760;2.260;453;1.368;8068;2.073;42,8;41,03;45;40,22;229,67;151,54;146,19;140,60;56,32;42,65;39,24;25,69;17,08;16,96;301;312;371;457;495;548;605;584;643;589;581;590;668;635;966;659;144;159;170;233;226;280;575;546;496;523;557;150;147;189;223;268;268;614;686;675;780;1.065;6.454;253;394;1.874;17;99,30;99,40;99,10;99,80;100,00;99,60;100,00;99,10;99,20;100,00;99,30;98,80;99,30;98,90;99,00;98,00;5.761;5.659;1,80;5.737;5.603;5.737;4.404;24;56;2,20;2,57;756;256;3.056;0;0;0;1.012;337;3.044;11;0;3.965;85;0;0;0;0;0;5;4.017;11;6;0;0;0;19;0;3.733;328;0;0;0;0;8.621,69;-54,61256201;-20,46053877;
CENTRO OESTE;13,60;37.671;24.816;3,54;27,71;17,96;17.991;12.171;19.680;12.645;91,42;96,25;10.917;7.500;3.332;10.212;25.545;1.884;2378;7.422;16588;806;29,5;27,06;28;25,8;18,45;10,86;305,21;317,07;47,35;49,60;7,38;4,86;39,98;44,74;3.332;3.586;3.294;3.080;3.020;3.135;2.972;2.932;3.050;2.505;2.078;1.518;1.255;809;827;248;1.639;1.766;1.705;1.569;1.477;1.466;2.723;2.540;1.696;923;482;1.693;1.820;1.587;1.509;1.543;1.669;3.181;3.015;1.898;1.140;606;12.582;3.628;49;21.117;252;95,50;95,70;95,10;98,60;98,80;99,10;99,10;98,30;97,30;96,00;94,10;90,50;85,80;85,40;75,00;54,80;15.246;8.188;86,20;15.245;8.188;15.234;7.618;1;0;2,90;3,25;10.781;441;1.714;0;0;3;7.439;171;2;6;0;11.724;881;253;4;0;0;0;60;8.319;195;1.565;2.787;10;0;11;0;12.314;595;21;0;0;7;1.860,90;-54,60350144;-20,55654712;
CHÁCARA CACHOEIRA;3,39;6.869;6.458;0,52;20,26;18,92;3.210;3.038;3.659;3.420;87,73;88,83;1.885;2.136;347;1.138;4.918;811;390;1.161;4980;317;38,4;33,35;39;32,47;71,27;27,30;184,08;182,58;39,63;29,68;16,49;6,37;23,14;23,31;347;371;420;429;403;472;478;546;578;561;505;493;453;361;305;145;197;183;215;211;191;212;462;506;457;376;200;150;188;205;218;212;260;562;633;541;438;252;5.293;127;213;1.215;6;99,70;99,60;99,70;99,80;99,30;99,40;100,00;99,60;99,70;100,00;100,00;100,00;99,80;100,00;98,00;99,30;3.196;2.617;22,12;3.191;2.611;3.191;2.187;5;6;2,63;2,94;1.213;638;750;0;0;0;1.270;324;592;1;0;2.597;3;0;0;0;0;0;0;2.561;0;20;0;0;0;0;0;2.569;32;0;0;0;0;12.182,95;-54,57807464;-20,46280320;
CHÁCARA DOS PODERES;14,71;975;946;0,25;0,66;0,65;521;512;454;434;114,76;117,97;201;225;48;153;655;152;83;234;628;84;36,9;32,98;37;31,75;99,35;35,90;238,81;368,89;46,56;50,64;23,21;13,38;23,36;37,26;48;58;47;53;56;58;58;72;76;81;66;70;65;66;67;19;17;25;20;30;23;30;80;86;78;74;45;30;31;27;23;29;28;50;71;58;57;41;485;62;5;399;15;95,80;96,10;95,00;100,00;100,00;100,00;100,00;97,20;94,70;98,80;98,50;95,70;92,30;90,90;86,60;84,20;771;659;17,00;764;657;764;305;7;2;2,53;3,09;355;0;0;0;0;0;304;1;0;0;0;285;62;0;0;0;0;0;0;3;0;249;95;0;0;0;0;349;0;0;0;0;7;4.506,53;-54,52280132;-20,42967500;
COOPHAVILA II;1,86;9.656;11.339;-1,33;51,84;60,54;4.569;5.417;5.087;5.922;89,82;91,47;2.349;3.201;516;1.795;6.448;1.413;753;2.433;8081;825;35,6;32,94;35;30,79;78,72;33,91;219,67;235,24;49,75;40,32;21,91;10,21;27,84;30,11;516;608;671;650;676;682;598;666;760;627;609;606;574;529;627;257;254;303;359;319;352;339;652;648;553;450;340;262;305;312;331;324;343;612;739;662;653;544;4.076;681;40;4.814;26;96,90;97,10;96,60;98,90;99,40;99,70;98,80;99,10;98,80;97,80;97,50;96,90;95,30;94,90;91,20;79,00;3.899;3.746;4,08;3.898;3.744;3.898;3.475;1;2;2,88;3,26;3.332;16;0;0;0;0;3.453;15;0;7;0;3.328;15;0;0;0;0;0;0;1.580;94;1.390;285;0;0;0;0;3.353;0;0;0;0;0;2.469,89;-54,67080032;-20,53530736;
CORONEL ANTONINO;4,74;20.457;20.399;0,02;43,13;43,47;9.451;9.674;10.757;10.725;87,86;90,20;5.445;6.167;1.263;4.058;13.874;2.257;1529;4.496;14566;1.337;34,8;31,84;35;30,15;55,62;29,74;231,96;247,93;45,52;40,05;16,27;9,18;29,25;30,87;1.263;1.370;1.425;1.346;1.504;1.529;1.458;1.568;1.590;1.409;1.321;1.144;1.005;852;977;428;650;676;705;660;764;736;1.461;1.338;1.121;770;561;613;694;720;686;740;793;1.565;1.661;1.346;1.087;845;8.746;1.581;205;9.534;121;96,90;97,30;96,60;99,60;99,10;99,30;99,40;99,10;98,60;98,70;96,70;96,80;94,60;93,00;87,30;79,20;8.685;7.075;22,76;8.684;7.072;8.680;6.413;1;3;2,73;3,12;6.339;630;399;3;0;0;5.769;569;53;22;0;7.372;6;0;0;0;0;0;0;6.776;114;292;170;0;0;0;0;7.382;0;0;0;0;0;2.902,13;-54,58945193;-20,41963936;
CRUZEIRO;2,81;10.220;12.415;-1,61;36,40;43,98;4.596;5.625;5.624;6.790;81,72;82,84;2.545;3.744;450;1.354;6.842;2.024;566;1.846;9135;1.434;38,7;37,19;40;35,49;149,48;77,68;176,82;151,18;49,37;35,91;29,58;15,70;19,79;20,21;450;425;479;593;673;702;739;712;747;678;650;679;669;575;878;571;224;218;246;299;327;322;726;624;565;510;534;226;207;233;294;346;379;725;801;764;734;915;7.018;346;380;2.456;11;98,70;98,80;98,60;98,80;99,00;99,70;99,10;99,90;99,20;99,10;99,50;99,40;99,30;98,30;97,60;93,20;5.374;5.411;-0,68;5.368;5.402;5.367;4.535;6;9;2,37;2,73;2.118;294;1.855;0;0;0;2.496;239;1.786;14;0;4.052;207;3;0;0;0;0;0;4.107;84;45;4;0;0;0;0;4.126;140;0;0;0;0;7.366,49;-54,60221342;-20,44405807;
DR. ALBUQUERQUE;1,18;3.490;3.283;0,51;29,47;28,96;1.621;1.602;1.869;1.681;86,73;95,30;1.021;1.027;159;527;2.578;385;173;551;2494;238;36,3;33,45;34;30,67;73,06;43,19;155,73;168,45;35,38;31,64;14,93;9,54;20,44;22,09;159;195;173;185;371;370;311;284;258;205;222;181;191;136;170;79;74;102;79;98;176;184;294;211;185;134;83;82;92;94;87;195;186;301;252;218;193;166;1.907;279;41;1.237;16;98,10;98,40;97,90;98,90;99,70;98,90;99,70;100,00;99,20;100,00;97,30;98,90;97,40;96,30;92,40;82,30;1.967;1.428;37,75;1.963;1.424;1.962;1.189;4;4;2,28;2,76;755;136;633;0;0;0;799;157;233;0;0;1.508;17;0;0;0;0;0;0;1.423;32;57;3;0;0;0;0;1.508;17;0;0;0;0;4.305,05;-54,60357583;-20,50078678;
ESTRELA DALVA;1,13;6.630;6.961;-0,41;58,44;55,49;3.167;3.351;3.463;3.610;91,45;92,83;1.822;2.191;474;1.393;4.743;492;502;1.772;4921;268;31,5;29,03;30;27,03;35,32;15,12;260,15;229,12;39,74;41,45;10,37;5,45;29,37;36,01;474;495;424;461;572;602;486;464;438;479;510;450;281;188;221;83;244;279;219;235;277;302;465;401;441;193;111;230;216;205;226;295;300;485;516;519;276;195;2.626;667;14;3.235;81;97,20;97,30;96,90;98,90;99,80;99,20;99,00;98,70;98,60;98,10;98,00;97,60;93,60;92,60;86,40;66,30;2.556;2.188;16,82;2.556;2.188;2.556;2.049;0;0;2,95;3,39;2.228;17;0;0;0;0;2.043;3;1;2;0;2.246;0;0;0;0;0;0;0;263;41;1.596;340;0;0;6;0;2.251;0;0;0;0;0;2.447,38;-54,55275542;-20,42482522;
GLÓRIA;1,13;2.635;3.526;-2,40;23,34;31,53;1.223;1.622;1.412;1.904;86,61;85,19;679;1.068;86;280;1.873;482;121;441;2655;430;39,1;37,72;39;35,05;172,14;97,51;126,66;113,30;40,68;32,81;25,73;16,20;14,95;16,61;86;94;100;119;222;245;234;176;189;157;159;189;183;145;214;123;50;46;54;71;106;125;208;153;153;134;119;30;42;46;48;116;120;202;193;195;194;218;1.570;116;201;740;4;99,20;99,60;98,80;99,20;100,00;100,00;99,10;99,40;99,50;100,00;100,00;99,50;98,90;99,30;96,30;97,60;1.882;1.971;-4,52;1.881;1.970;1.881;1.502;1;1;2,01;2,34;488;145;654;22;0;0;656;130;695;21;0;1.185;117;0;0;0;0;0;3;1.278;9;0;9;0;0;0;0;1.286;21;0;0;0;0;5.132,28;-54,61329458;-20,47421526;
GUANANDI;1,83;9.354;11.678;-1,83;51,08;63,68;4.375;5.563;4.979;6.115;87,87;90,97;2.354;3.356;541;1.720;6.227;1.407;821;2.542;8106;1.030;35,5;32,93;35;30,52;81,80;40,52;229,82;244,64;50,22;44,07;22,60;12,71;27,62;31,36;541;604;575;590;690;649;666;588;691;677;606;560;510;427;669;311;271;287;279;281;332;307;630;647;539;388;414;270;317;296;309;358;342;624;721;627;549;566;3.795;622;105;4.700;128;95,80;96,40;95,30;100,00;98,40;99,70;98,60;98,50;98,60;97,90;96,90;95,90;94,10;91,10;87,90;77,20;4.359;4.144;5,19;4.359;4.143;4.357;3.757;0;1;2,63;3,10;3.299;101;137;9;0;0;3.481;113;156;7;0;3.442;101;0;0;0;0;0;3;3.383;14;88;39;0;0;0;0;3.549;0;0;0;0;0;2.369,41;-54,64639939;-20,50040193;
ITANHANGÁ;0,66;1.641;2.070;-1,92;24,98;31,59;755;933;886;1.137;85,21;82,06;396;624;60;209;1.096;336;66;249;1618;203;41,3;38,23;42;36,79;160,77;81,53;151,52;105,77;49,73;27,94;30,66;12,55;19,07;15,39;60;76;73;87;95;94;107;104;110;142;121;106;130;115;159;62;31;41;37;47;53;47;89;107;100;102;101;29;35;36;40;42;47;122;145;127;143;120;1.180;37;34;388;0;98,50;99,10;98,10;100,00;100,00;97,90;96,30;97,10;97,30;99,30;98,30;98,10;100,00;98,30;100,00;96,80;844;815;3,56;843;815;842;707;1;0;2,57;2,93;442;31;156;5;0;0;473;52;182;0;0;631;0;0;0;0;0;0;0;618;6;7;0;0;0;0;0;630;4;0;0;0;0;8.714,57;-54,60192219;-20,46993817;
JACY;1,00;4.303;5.026;-1,29;42,96;50,41;2.045;2.349;2.258;2.677;90,57;87,75;1.020;1.415;225;707;2.822;774;252;878;3626;522;36,5;35,98;36;33,38;109,48;59,45;220,59;178,09;52,48;38,61;27,43;14,40;25,05;24,21;225;223;259;234;288;285;272;299;314;279;313;278;260;235;373;166;121;126;136;128;145;151;248;279;283;216;212;104;97;123;106;143;134;323;314;308;279;327;2.136;240;99;1.779;48;97,80;98,40;97,30;98,30;99,00;99,30;100,00;99,30;99,70;99,60;98,40;98,60;96,90;97,90;93,80;87,30;1.822;1.760;3,52;1.821;1.759;1.819;1.623;1;1;2,70;3,09;1.558;24;0;0;0;0;1.590;28;2;3;0;1.548;35;0;0;0;0;0;0;1.486;22;60;12;0;0;0;0;1.587;0;0;0;0;0;3.403,82;-54,63926029;-20,48891109;
JARDIM DOS ESTADOS;1,69;4.299;3.655;1,36;25,43;21,64;1.980;1.710;2.319;1.945;85,38;87,92;1.051;1.001;182;561;2.926;805;155;522;2628;505;42,1;39,14;44;38,39;143,49;96,74;173,17;154,85;46,68;39,08;27,51;19,22;19,17;19,86;182;178;201;226;216;244;343;355;358;291;274;290;329;254;334;217;85;86;97;101;95;133;332;315;259;241;226;91;92;104;123;120;110;366;332;304;340;325;3.444;63;207;580;0;99,40;99,40;99,50;100,00;99,50;100,00;98,80;99,70;99,20;99,30;98,20;100,00;99,70;99,20;99,70;99,50;2.457;1.542;59,34;2.450;1.541;2.450;1.246;7;1;2,29;2,93;393;10;1.449;0;0;0;570;8;666;2;0;1.854;0;0;0;0;0;0;0;1.847;0;0;0;0;0;0;0;1.547;307;0;0;0;0;14.098,09;-54,59878992;-20,45874533;
JARDIM PAULISTA;1,27;2.682;3.344;-1,82;21,16;25,83;1.307;1.568;1.375;1.776;95,05;88,29;661;1.023;109;362;1.866;454;165;526;2496;322;39,8;35,41;40;32,24;125,41;61,22;164,90;161,29;43,73;33,97;24,33;12,90;19,40;21,07;109;111;142;143;214;218;181;189;182;199;211;169;160;164;198;92;66;59;69;75;109;120;190;169;177;151;122;43;52;73;66;105;98;180;212;203;173;168;1.506;110;128;934;0;98,90;99,40;98,50;100,00;99,50;100,00;100,00;99,50;100,00;98,00;99,50;97,60;98,10;98,80;97,00;96,70;1.456;1.488;-2,15;1.453;1.480;1.452;1.187;3;8;2,38;2,80;768;106;240;3;0;0;841;89;245;12;0;1.104;14;0;0;0;0;0;0;1.085;16;9;0;0;0;0;0;1.039;78;0;0;0;0;3.866,84;-54,60972041;-20,48764304;
JOCKEY CLUB;1,54;5.886;7.587;-2,09;38,29;49,44;2.805;3.594;3.081;3.993;91,04;90,01;1.443;2.179;298;930;4.089;867;469;1.562;5265;760;37,6;34,24;38;31,94;93,23;48,66;206,51;215,24;43,95;44,10;21,20;14,43;22,74;29,67;298;321;311;347;463;459;361;419;426;350;434;456;374;292;355;220;152;159;179;179;236;235;389;343;412;294;227;146;162;132;168;227;224;391;433;478;372;348;2.744;296;218;2.606;13;97,60;98,50;96,70;98,30;99,40;99,80;99,20;98,60;98,40;98,90;98,20;96,90;98,40;96,60;93,00;87,30;2.707;2.648;2,23;2.705;2.647;2.703;2.435;2;1;2,61;3,10;2.048;175;6;12;0;0;2.180;216;18;21;0;2.164;82;0;0;0;0;0;0;2.133;34;64;5;0;0;0;0;2.248;0;0;0;0;0;2.837,82;-54,62611700;-20,48712493;
JOSÉ ABRÃO;2,13;4.152;4.688;-1,01;19,54;21,93;1.936;2.237;2.216;2.451;87,36;91,27;1.072;1.368;234;798;2.779;575;326;1.020;3365;303;36,9;32,46;37;30,53;72,06;29,71;218,28;238,30;49,41;39,32;20,69;9,00;28,72;30,31;234;274;290;278;292;287;276;270;315;309;223;263;266;219;265;91;117;142;159;149;142;131;262;271;226;197;140;117;132;131;129;150;156;284;353;260;288;216;1.848;315;29;1.923;33;96,90;97,40;96,20;98,60;100,00;99,70;99,30;98,90;97,50;99,00;99,10;95,40;96,20;94,10;90,90;74,70;1.755;1.524;15,16;1.754;1.524;1.754;1.433;1;0;2,75;3,27;1.476;32;0;0;0;0;1.384;45;0;4;0;1.468;21;0;16;0;0;0;0;457;52;848;141;0;0;0;0;1.507;0;0;0;0;0;3.079,07;-54,65430700;-20,41843957;
LAGEADO;4,12;16.653;14.919;0,92;40,39;35,43;8.155;7.387;8.498;7.532;95,96;98,07;4.475;4.271;1.480;4.543;11.115;979;1447;4.530;9811;578;29,3;27,09;28;23,42;21,55;12,76;330,73;338,80;49,68;52,06;8,81;5,89;40,87;46,17;1.480;1.619;1.444;1.408;1.373;1.380;1.331;1.189;1.094;977;952;789;622;412;422;145;793;824;700;716;673;715;1.183;988;842;445;264;686;794;740;690;700;665;1.337;1.083;898;591;305;4.730;1.585;17;10.097;202;93,80;93,80;93,60;98,40;98,20;99,10;98,10;97,30;96,00;95,10;93,40;87,70;83,10;80,30;71,30;48,30;6.333;4.649;36,22;6.330;4.649;6.326;4.101;3;0;3,06;3,46;5.393;24;0;0;0;18;4.085;13;0;3;0;4.843;548;0;7;0;0;0;21;962;38;2.605;1.800;0;0;9;0;5.377;9;19;0;4;25;1.542,02;-54,65306035;-20,55537766;
LEBLON;2,94;15.316;15.964;-0,34;52,08;53,92;7.159;7.563;8.157;8.401;87,77;90,02;3.974;4.806;822;2.692;10.537;2.085;1053;3.311;11509;1.144;34,5;33,05;34;31,23;77,45;34,55;206,84;219,10;45,34;38,71;19,79;9,94;25,55;28,77;822;890;980;1.019;1.117;1.061;1.067;1.077;1.208;1.065;976;991;956;754;929;402;430;460;511;521;559;535;995;1.025;866;721;529;390;430;468;496;558;523;1.149;1.248;1.101;987;800;7.154;903;147;7.028;61;98,10;98,20;97,90;99,60;99,60;99,40;99,10;99,00;98,80;99,00;98,70;97,90;97,90;97,30;94,60;85,30;6.665;5.576;19,53;6.663;5.573;6.662;5.072;2;3;2,68;3,14;4.774;312;611;0;0;0;4.464;377;215;16;0;5.595;89;0;0;0;0;0;0;4.559;1.043;43;29;0;0;0;0;5.699;6;0;0;0;0;3.211,92;-54,66002355;-20,49614292;
LOS ANGELES;12,26;20.335;8.404;7,64;16,58;9,51;10.008;4.227;10.327;4.177;96,91;101,20;5.937;2.359;2.036;5.616;13.827;847;838;2.517;5508;379;28,9;27,74;27;25,21;15,08;15,06;342,93;355,24;46,74;52,58;6,13;6,88;40,62;45,70;2.036;1.983;1.597;1.417;1.537;2.239;2.155;1.906;1.372;1.068;879;731;523;375;352;120;1.036;985;823;723;735;1.018;2.030;1.242;754;408;229;996;997;770;688;800;1.221;2.031;1.197;858;494;249;6.949;2.107;38;11.065;141;96,70;96,80;96,60;99,20;99,80;99,80;99,50;99,30;98,00;96,20;94,40;91,90;89,10;86,40;72,70;48,30;7.870;2.744;186,81;7.869;2.741;7.863;2.555;1;3;2,90;3,29;6.917;56;0;0;0;26;2.539;5;0;11;0;6.356;605;29;0;0;0;0;12;2.017;199;2.896;1.860;0;0;11;0;6.922;30;39;3;8;4;1.919,54;-54,63056791;-20,56257416;
MARGARIDA;0,96;5.982;4.849;1,77;62,54;49,53;2.782;2.287;3.200;2.562;86,94;89,27;1.622;1.439;369;1.090;4.097;779;325;1.020;3405;424;34,5;33,24;34;31,3;71,47;41,57;227,50;225,85;45,62;42,41;19,01;12,45;26,60;29,96;369;354;367;347;375;404;454;553;508;408;380;334;334;260;362;157;191;174;190;172;178;202;456;419;336;254;203;178;180;177;175;197;200;552;498;378;342;316;3.428;384;89;2.042;28;97,50;97,20;97,70;100,00;98,90;99,80;99,30;98,90;98,80;97,30;97,10;97,00;96,70;95,80;93,10;84,70;2.825;1.702;65,98;2.824;1.700;2.824;1.595;1;2;2,57;3,01;1.408;93;814;0;0;0;1.515;72;2;6;0;2.313;7;0;0;0;0;0;0;2.267;31;9;3;0;0;0;0;2.318;0;0;0;0;0;5.787,52;-54,58619941;-20,43353091;
MARIA APARECIDA PEDROSSIAN;13,69;14.495;9.326;3,74;10,59;8,45;6.918;4.406;7.574;4.920;91,34;89,55;3.923;2.963;1.030;3.384;9.869;1.226;693;2.074;6750;502;35,1;30,91;35;28,23;36,23;24,20;262,55;233,88;46,71;38,16;12,42;7,44;34,29;30,73;1.030;1.214;1.140;894;831;983;989;1.468;1.314;1.081;844;793;672;533;501;192;504;626;578;450;409;448;1.190;1.132;753;523;294;524;588;562;442;418;533;1.267;1.263;884;681;408;8.183;677;92;5.443;82;98,70;98,90;98,30;99,30;99,80;99,80;99,40;99,60;99,30;99,40;99,40;98,20;97,60;96,20;93,40;87,50;5.648;3.496;61,56;5.641;3.491;5.639;3.054;7;5;2,89;3,05;4.075;895;10;0;0;9;2.760;288;0;6;0;4.977;7;0;0;0;0;0;0;3.934;5;211;815;0;0;0;0;4.708;176;0;0;0;96;7.335,44;-54,54010465;-20,48184007;
MATA DO JACINTO;3,23;9.664;9.921;-0,22;29,95;30,99;4.439;4.713;5.225;5.208;84,96;90,50;2.660;3.130;484;1.566;6.917;1.169;634;1.971;7346;604;36,8;32,45;37;30,63;74,65;30,64;181,95;202,56;39,54;35,05;16,90;8,22;22,64;26,83;484;526;556;569;708;786;807;774;746;670;623;641;593;459;479;231;223;264;273;302;349;394;736;614;552;447;270;259;257;279;263;359;391;845;802;712;605;441;5.135;598;97;3.762;60;97,90;97,90;97,90;99,50;99,60;99,10;98,90;99,20;98,50;98,80;98,90;98,40;98,30;96,90;91,60;83,50;4.553;3.655;24,57;4.552;3.655;4.552;3.252;1;0;2,50;3,03;2.640;320;890;0;0;0;2.607;79;562;4;0;3.851;0;0;0;0;0;0;0;3.589;18;201;30;0;0;3;0;3.750;101;0;0;0;0;4.413,94;-54,57619668;-20,42345738;
MATA DO SEGREDO;11,30;10.152;7.661;2,37;8,99;6,92;4.899;3.799;5.253;3.862;93,26;98,37;2.878;2.199;752;2.340;7.118;676;696;2.046;5248;367;33,6;29,07;33;26,3;28,89;17,94;261,29;316,51;42,37;45,98;9,50;6,99;32,87;38,99;752;814;774;704;669;900;1.023;872;836;634;529;513;438;283;309;84;379;411;387;392;326;437;910;691;462;314;179;369;401;385;309;340;463;987;779;582;405;222;3.910;912;41;5.196;70;95,80;95,10;96,20;99,40;99,10;99,00;99,50;98,70;98,70;97,30;94,90;91,40;90,00;83,70;78,30;54,80;4.510;2.556;76,45;4.508;2.556;4.503;2.321;2;0;2,78;3,28;3.176;87;373;0;0;0;2.312;8;0;1;0;3.591;37;10;0;0;0;0;0;481;4;2.142;996;0;0;0;0;3.600;7;11;0;0;14;2.469,35;-54,59777844;-20,40010447;
MONTE CASTELO;3,06;11.220;10.239;0,77;36,64;33,66;5.214;4.826;6.006;5.413;86,81;89,16;3.116;3.409;533;1.876;8.069;1.267;627;1.884;7755;600;36,9;32,48;37;31,04;67,54;31,85;171,05;183,92;38,95;32,03;15,70;7,74;23,25;24,29;533;650;693;665;767;900;842;885;1.012;871;810;705;612;472;565;230;259;320;360;329;371;461;827;836;662;467;317;274;329;333;334;396;439;900;1.047;853;615;482;5.964;665;201;4.336;37;98,30;98,10;98,50;99,10;99,10;99,40;99,60;98,80;99,70;98,60;98,80;98,00;98,00;96,00;95,20;86,50;5.513;4.258;29,47;5.511;4.257;5.511;3.749;2;1;2,48;2,73;2.945;436;1.114;3;0;0;2.493;341;907;8;0;4.485;11;0;0;0;0;0;3;4.096;257;125;0;0;0;0;0;4.382;117;0;0;0;0;4.118,38;-54,60829403;-20,42691141;
MONTE LÍBANO;0,44;1.710;2.188;-2,03;38,85;49,27;764;961;946;1.227;80,76;78,32;367;618;49;175;1.143;392;77;275;1561;352;42,5;40,62;45;40,29;224,00;128,00;133,51;124,60;49,61;40,17;34,30;22,55;15,31;17,62;49;63;63;75;114;108;106;107;117;111;117;138;150;111;159;122;24;31;23;33;63;51;119;105;103;108;104;25;32;40;42;51;57;94;123;152;153;177;1.180;42;91;396;0;99,30;99,60;99,20;100,00;100,00;99,10;100,00;100,00;99,10;100,00;99,10;99,30;100,00;100,00;99,40;95,90;863;894;-3,47;860;894;859;772;3;0;2,41;2,83;517;9;171;0;0;0;582;47;143;0;0;696;0;0;0;0;0;0;0;694;0;0;0;0;0;0;0;560;136;0;0;0;0;5.894,50;-54,60887487;-20,47731726;
MORENINHA;17,59;24.494;22.711;0,63;13,92;12,92;11.629;10.961;12.865;11.750;90,39;93,29;6.446;6.637;1.715;5.473;16.570;2.436;1698;5.531;15814;1.366;32,8;30,77;32;28,19;44,51;24,70;266,06;255,84;47,73;43,61;14,70;8,64;33,03;34,98;1.715;1.926;1.832;1.830;1.858;1.813;1.698;1.788;1.894;1.671;1.485;1.333;1.200;952;1.070;414;858;936;871;944;959;854;1.693;1.657;1.340;918;589;857;986;959;886;899;959;1.793;1.909;1.478;1.234;898;9.513;2.166;41;12.542;183;95,70;96,30;95,00;98,90;98,90;99,30;99,20;99,00;98,50;97,00;96,00;93,80;91,70;90,70;81,20;68,60;9.635;7.777;23,89;9.628;7.776;9.624;6.959;7;1;2,86;3,25;8.090;248;196;0;0;0;6.738;189;13;19;0;8.434;97;0;0;0;0;0;3;6.246;244;839;1.184;0;4;0;0;8.427;106;11;4;0;0;2.309,55;-54,57367039;-20,55517980;
NASSER;9,81;33.403;25.695;2,21;34,04;27,09;16.188;12.495;17.215;13.200;94,03;94,66;9.183;7.628;2.277;7.099;23.184;3.091;1980;6.115;18050;1.530;33,8;30,75;34;28,21;43,54;25,02;247,96;259,57;43,95;42,35;13,33;8,48;30,62;33,88;2.277;2.527;2.295;2.223;2.417;2.533;2.572;2.828;2.896;2.329;2.092;1.790;1.504;1.204;1.316;571;1.202;1.322;1.195;1.133;1.233;1.218;2.562;2.468;1.816;1.219;802;1.072;1.205;1.099;1.090;1.184;1.313;2.839;2.757;2.067;1.491;1.081;15.005;2.604;316;15.323;108;97,00;97,10;96,90;99,20;99,20;99,10;99,30;99,40;98,20;98,70;96,50;96,40;94,70;91,20;88,20;78,60;14.739;9.405;56,71;14.736;9.401;14.734;8.156;3;4;2,79;3,15;10.216;1.177;518;0;0;11;7.264;760;108;24;0;11.902;39;0;0;0;0;0;0;7.831;368;1.748;1.945;4;0;0;0;11.823;98;6;0;0;14;3.322,25;-54,63221074;-20,41302570;
NOROESTE;7,80;22.767;13.167;4,67;29,20;17,02;9.386;8.034;9.553;5.133;98,25;156,52;5.365;2.842;1.862;5.464;12.620;828;1198;3.378;9422;367;29,2;27,00;28;26,19;15,15;10,86;347,06;421,53;49,86;39,75;6,56;3,90;43,30;35,85;1.862;1.932;1.670;1.623;1.564;1.649;1.627;1.601;1.411;1.116;844;652;533;385;313;130;946;1.008;885;824;779;795;1.588;1.232;681;425;206;913;924;785;799;785;848;1.641;1.292;818;492;242;5.760;2.038;30;9.935;1.142;96,00;96,20;95,70;99,40;98,80;98,20;98,80;99,20;97,30;95,60;93,70;90,00;89,50;87,50;77,00;51,50;7.220;3.931;83,67;7.209;3.925;7.205;3.160;11;6;3,08;3,27;6.003;116;8;0;0;13;3.133;9;7;11;0;6.114;0;6;0;0;0;0;15;107;46;4.778;1.176;0;0;4;0;6.003;83;47;0;0;0;1.670,32;-54,52972407;-20,45871778;
NOVA CAMPO GRANDE;10,18;20.950;10.161;6,22;20,59;10,07;10.215;5.093;10.735;5.068;95,16;100,49;6.062;2.926;1.712;5.152;14.570;1.190;822;2.587;6994;580;31,6;30,04;31;27,36;23,10;22,42;282,42;280,93;43,53;45,28;8,17;8,29;35,36;36,99;1.712;1.829;1.611;1.514;1.546;1.875;2.061;1.873;1.649;1.357;1.104;871;720;476;521;193;846;931;848;815;773;918;1.895;1.408;918;541;301;866;898;763;696;773;957;2.038;1.598;1.054;657;416;7.912;1.689;63;11.054;201;97,10;97,20;96,80;99,10;99,20;99,20;99,60;98,70;98,50;97,20;96,90;95,10;92,80;89,90;83,30;69,90;8.714;3.409;155,62;8.708;3.408;8.704;3.114;6;1;2,89;3,26;6.017;153;1.036;15;0;0;3.047;32;4;31;0;6.155;1.001;54;0;0;0;0;0;2.611;517;2.685;1.400;0;0;0;0;7.181;38;0;0;0;0;2.558,38;-54,70129983;-20,47126001;
NOVA LIMA;11,29;41.131;35.519;1,23;36,43;31,65;19.891;17.439;21.240;18.080;93,65;96,45;11.532;10.504;3.258;10.054;28.408;2.645;3395;10.259;23736;1.524;31,6;27,84;31;25,9;26,31;14,86;282,52;323,21;44,70;49,64;9,31;6,42;35,39;43,22;3.258;3.495;3.301;3.195;3.299;3.403;3.215;3.461;3.280;2.687;2.317;2.001;1.550;1.109;1.093;443;1.677;1.755;1.635;1.628;1.674;1.692;3.208;2.802;2.002;1.148;661;1.579;1.740;1.666;1.566;1.625;1.705;3.468;3.168;2.316;1.513;881;14.171;4.228;70;22.000;612;95,50;95,60;95,20;98,90;99,20;99,40;99,20;98,80;97,90;96,80;95,30;91,90;88,00;84,20;76,60;57,30;17.023;12.094;40,76;17.017;12.086;17.012;10.833;6;8;2,93;3,27;13.459;460;81;8;0;0;10.550;209;69;5;0;13.972;33;0;0;0;0;0;3;743;323;11.084;1.804;0;0;0;0;14.008;14;0;0;4;0;2.022,10;-54,56566738;-20,38619384;
NOVOS ESTADOS;7,28;13.165;11.449;1,17;18,08;15,27;6.289;5.547;6.876;5.902;91,46;93,99;3.416;3.504;851;2.620;9.238;1.300;777;2.447;8276;726;33,9;31,95;34;30,22;49,62;29,67;249,12;221,75;42,43;38,34;14,07;8,77;28,36;29,57;851;904;865;880;828;881;976;1.140;1.079;894;919;903;738;499;547;254;418;472;430;436;432;444;1.017;925;825;559;325;432;432;435;442;393;434;1.099;1.048;997;678;479;6.883;835;92;5.264;69;98,20;98,10;98,20;99,70;99,40;99,40;98,80;99,60;99,50;99,00;99,00;97,60;96,70;96,80;90,50;89,80;5.271;3.816;38,13;5.271;3.816;5.271;3.531;0;0;2,88;3,24;4.055;481;14;0;0;0;3.466;53;11;1;0;4.552;0;0;0;0;0;0;4;2.132;60;1.821;532;0;0;0;0;4.555;0;4;0;0;0;5.165,76;-54,55647167;-20,40836269;
NÚCLEO INDUSTRIAL;24,22;5.785;3.594;4,05;2,39;1,48;2.953;1.834;2.832;1.760;104,27;104,20;1.538;1.007;527;1.590;3.791;372;325;1.081;2371;142;31,3;27,51;30;25,2;23,40;13,14;342,65;322,74;51,75;51,58;9,81;5,99;41,94;45,59;527;555;508;445;450;490;496;440;375;367;306;217;205;137;181;54;267;304;278;222;226;231;467;371;266;177;129;259;248;230;219;221;254;471;373;258;168;107;1.712;468;7;3.157;436;94,30;93,90;94,20;98,70;98,70;98,20;98,80;99,10;94,90;94,30;91,20;82,90;91,70;85,40;71,80;72,20;2.233;1.161;92,33;2.233;1.160;2.233;1.017;0;1;3,04;3,53;1.846;0;49;0;0;0;1.009;4;1;3;0;1.597;287;5;0;0;0;0;0;130;84;1.103;562;0;0;3;0;1.816;14;59;0;0;0;1.692,26;-54,72803384;-20,49395700;
PANAMÁ;3,72;18.196;17.906;0,13;48,91;47,96;8.556;8.637;9.640;9.269;88,76;93,18;4.866;5.496;1.182;3.608;12.796;1.790;1243;4.135;12810;961;34,8;31,08;35;28,77;49,61;23,24;242,91;226,16;42,19;39,78;13,99;7,50;28,20;32,28;1.182;1.213;1.213;1.254;1.385;1.314;1.314;1.338;1.297;1.386;1.312;1.226;970;679;808;303;583;630;623;635;669;670;1.245;1.203;1.155;703;439;599;583;590;619;716;644;1.407;1.480;1.383;946;673;8.307;1.318;108;8.311;131;97,80;98,10;97,60;99,60;99,40;99,70;99,20;99,50;99,00;98,50;98,60;97,40;95,50;93,70;91,80;84,80;7.546;5.987;26,04;7.545;5.987;7.543;5.412;1;0;2,87;3,31;6.110;76;134;0;0;0;5.208;44;155;5;0;6.167;153;3;0;0;0;0;0;5.273;32;325;678;0;0;0;0;6.334;0;0;0;0;0;3.460,24;-54,67198404;-20,43891643;
PARATI;2,46;11.538;5.314;6,67;46,92;21,63;5.425;2.541;6.113;2.773;88,75;91,63;3.480;1.686;817;2.385;8.301;852;381;1.187;3878;249;35,8;30,98;36;30,07;35,72;20,98;234,77;225,98;39,00;37,03;10,26;6,42;28,73;30,61;817;832;736;709;782;1.024;1.190;1.122;1.046;759;649;566;454;344;361;147;414;407;389;367;375;460;1.091;859;524;347;190;403;425;347;342;407;564;1.221;946;691;451;316;5.670;797;105;4.890;63;98,60;98,50;98,30;99,60;99,60;99,60;99,40;99,90;99,70;98,70;98,50;97,20;95,80;96,80;92,50;87,80;5.026;1.860;170,22;5.025;1.856;5.023;1.716;1;4;2,58;3,09;2.315;1.820;326;0;0;0;1.702;10;0;4;0;4.432;33;0;0;0;0;0;0;3.342;39;1.060;15;0;0;0;0;4.391;75;0;0;0;0;3.403,31;-54,62864426;-20,51138826;
PIONEIROS;6,43;20.182;16.417;1,74;31,38;25,45;9.468;7.757;10.661;8.660;88,81;89,57;5.989;5.076;1.264;3.785;14.607;1.693;1171;3.885;11610;922;33,9;30,87;32;28,62;44,73;23,73;211,05;230,69;37,50;41,40;11,59;7,94;25,91;33,46;1.264;1.290;1.231;1.371;1.931;2.071;1.747;1.512;1.467;1.342;1.256;1.058;852;686;702;305;610;633;611;634;916;1.000;1.597;1.297;1.066;662;412;651;654;617;736;1.012;1.068;1.662;1.511;1.249;882;596;8.959;1.521;141;9.361;110;97,50;97,50;97,30;99,20;99,50;99,50;99,30;99,10;98,80;98,70;97,70;96,20;94,70;93,10;87,90;77,70;9.977;5.809;71,75;9.974;5.806;9.970;5.239;3;3;2,54;3,11;5.102;88;2.721;0;0;0;4.485;60;687;7;0;7.784;120;0;0;0;0;0;0;7.495;77;248;56;0;0;0;0;7.060;863;0;0;0;0;2.942,87;-54,61556974;-20,51476274;
PIRATININGA;2,87;11.610;13.993;-1,54;40,48;49,50;5.597;6.805;6.013;7.188;93,08;94,67;2.947;4.071;657;2.028;7.969;1.605;923;2.904;9936;1.153;35,8;32,88;36;30,41;79,14;39,70;222,94;226,73;45,59;40,83;20,14;11,60;25,45;29,23;657;685;686;764;958;935;790;806;815;790;780;716;615;556;722;327;320;331;370;406;484;473;804;737;711;507;447;337;353;316;358;471;461;792;865;785;664;602;5.154;851;117;5.408;72;95,70;96,10;95,00;99,50;99,80;99,00;99,40;98,30;98,70;98,10;96,40;95,90;92,50;91,70;84,50;73,40;5.642;5.130;9,98;5.638;5.127;5.631;4.635;4;3;2,57;3,01;3.936;443;100;17;0;0;4.150;367;85;33;0;4.359;138;0;0;0;0;0;0;4.200;46;206;26;0;0;0;0;4.502;0;0;0;0;0;2.729,41;-54,62926150;-20,49770485;
PLANALTO;1,77;6.777;7.671;-1,03;38,31;43,69;3.117;3.572;3.660;4.099;85,16;87,14;1.626;2.225;277;970;4.511;1.296;374;1.313;5546;812;39,6;36,11;41;33,32;133,61;61,84;170,36;168,09;50,23;38,32;28,73;14,64;21,50;23,67;277;327;366;380;427;475;465;436;526;457;475;470;400;381;604;311;130;140;200;193;222;237;454;434;424;327;356;147;187;166;187;205;238;447;549;521;454;559;4.040;254;302;2.146;31;98,60;99,10;98,20;99,20;99,80;99,80;99,80;100,00;99,20;98,50;99,60;98,50;97,50;97,90;98,30;92,00;3.164;3.004;5,33;3.158;3.001;3.157;2.579;6;3;2,57;2,97;2.073;395;136;9;0;0;2.128;320;118;13;0;2.578;36;0;0;0;0;0;0;2.491;7;64;39;0;0;0;0;2.623;0;0;0;0;0;5.688,01;-54,62915850;-20,45252661;
POPULAR;5,01;19.401;18.816;0,26;38,74;37,11;9.469;9.291;9.932;9.525;95,34;97,54;5.147;5.435;1.522;4.463;13.283;1.637;1640;5.089;12758;969;33,6;28,96;33;26,47;36,68;19,04;295,71;301,75;45,92;47,48;12,32;7,60;33,60;39,89;1.522;1.532;1.409;1.489;1.650;1.502;1.422;1.448;1.428;1.280;1.184;1.041;839;608;726;303;770;778;707;757;854;779;1.373;1.303;1.052;643;435;749;754;699;732;794;719;1.497;1.405;1.174;804;596;6.364;1.607;45;10.547;810;95,30;95,60;94,80;99,30;99,30;98,90;98,60;98,90;98,20;96,80;93,10;92,00;90,00;88,00;82,00;64,00;7.637;6.005;27,18;7.636;6.003;7.633;5.556;1;2;2,94;3,38;6.470;113;3;0;0;0;5.450;87;7;12;0;6.003;557;3;0;0;0;0;4;3.322;134;1.505;1.576;0;23;9;0;6.561;4;23;0;0;4;2.034,19;-54,69368194;-20,45015430;
RITA VIEIRA;7,90;23.819;13.693;4,72;30,15;16,22;11.513;6.814;12.305;6.879;93,56;99,06;7.091;4.172;1.896;5.343;16.900;1.566;1146;3.414;9599;680;33,4;29,53;33;27,51;29,31;19,92;267,38;274,69;40,88;42,65;9,27;7,08;31,62;35,57;1.896;1.812;1.635;1.503;1.612;2.037;2.303;2.402;2.229;1.555;1.370;1.062;827;695;609;262;977;918;865;743;791;982;2.259;1.775;1.165;667;364;919;894;770;760;821;1.055;2.446;2.009;1.265;856;506;12.430;1.575;283;9.409;98;97,80;97,90;97,70;99,10;99,30;99,40;99,60;99,20;99,40;98,30;97,20;97,00;92,40;92,50;91,80;78,20;10.356;4.830;114,41;10.350;4.830;10.347;4.172;6;0;2,71;3,28;6.705;767;1.270;10;0;0;3.980;147;42;3;0;8.659;85;0;0;0;0;0;0;4.891;179;3.288;369;0;5;3;0;8.651;114;0;0;0;0;4.239,84;-54,57416070;-20,50604032;
SANTA FÉ;1,49;4.653;5.127;-0,81;31,26;34,26;2.107;2.372;2.546;2.755;82,76;86,10;1.102;1.474;197;615;3.096;942;224;708;3897;522;42,1;37,87;44;36,6;153,17;73,73;178,77;151,97;50,29;31,56;30,43;13,39;19,86;18,17;197;203;215;251;225;261;326;368;330;334;302;368;331;311;421;210;97;96;103;107;115;115;328;326;282;281;254;100;107;111;143;110;145;366;338;388;361;377;3.539;93;217;792;7;99,60;99,60;99,50;99,60;100,00;100,00;99,70;99,70;99,40;99,40;99,70;99,20;99,70;100,00;99,50;98,10;2.408;1.969;22,30;2.405;1.967;2.405;1.719;3;2;2,51;2,97;960;65;821;0;0;0;1.181;75;463;0;0;1.842;3;0;0;0;0;0;0;1.810;22;0;0;0;0;0;0;1.835;5;0;0;0;0;12.139,98;-54,58704067;-20,45330137;
SANTO AMARO;4,75;21.699;23.501;-0,66;45,66;49,36;10.258;11.298;11.441;12.203;89,66;92,58;5.512;6.753;1.162;3.883;14.759;3.055;1441;4.828;16668;2.005;36,5;33,68;37;31,52;78,68;41,53;210,81;213,39;47,01;40,99;20,70;12,03;26,31;28,97;1.162;1.298;1.423;1.473;1.508;1.475;1.438;1.459;1.731;1.582;1.548;1.381;1.164;1.027;1.383;645;584;668;750;796;732;708;1.408;1.510;1.337;923;840;578;630;673;677;776;767;1.489;1.803;1.592;1.268;1.188;10.065;1.477;236;9.753;142;97,80;98,10;97,50;98,90;99,70;99,40;99,20;99,30;99,10;98,70;98,60;97,40;97,60;96,20;93,30;86,20;9.446;8.287;13,99;9.442;8.284;9.439;7.414;4;3;2,77;3,17;7.165;379;279;0;0;0;6.853;504;57;0;0;7.643;180;0;0;0;0;0;0;7.533;95;154;3;0;0;3;0;7.828;7;0;0;0;0;3.673,42;-54,65629044;-20,43459509;
SANTO ANTÔNIO;3,24;12.071;13.529;-0,95;37,26;40,95;5.690;6.380;6.381;7.149;89,17;89,24;3.063;4.082;538;1.869;8.361;1.839;798;2.569;9809;1.151;37,3;34,15;38;32,25;98,39;44,80;175,64;195,49;44,35;37,92;21,99;11,73;22,35;26,19;538;653;678;761;929;901;867;829;864;857;847;786;720;620;828;391;254;351;361;403;505;450;797;790;744;555;480;284;302;317;358;424;451;899;931;889;785;741;6.339;792;148;4.730;29;98,30;98,50;98,10;99,30;99,60;99,20;99,20;99,40;99,30;98,80;98,80;99,00;97,90;97,90;94,80;89,80;5.547;5.165;7,40;5.543;5.163;5.543;4.547;4;2;2,61;2,97;3.714;345;562;0;0;0;3.779;168;598;2;0;4.123;482;11;0;0;0;0;0;4.228;78;280;21;0;0;0;0;4.473;153;0;0;0;0;3.905,92;-54,65870788;-20,45404444;
SÃO BENTO;0,72;1.536;2.088;-2,53;21,24;28,63;700;978;836;1.110;83,73;88,11;307;571;43;171;987;378;80;303;1477;308;42,1;39,33;44;38,914;221,05;101,65;140,07;140,11;55,62;41,37;38,30;20,85;17,33;20,51;43;57;71;73;83;84;88;96;73;115;110;136;129;110;154;114;19;31;38;45;44;45;93;78;103;106;98;24;26;33;28;39;39;91;110;143;133;170;1.165;26;74;270;0;99,60;99,70;99,60;100,00;100,00;100,00;98,90;100,00;100,00;98,30;100,00;99,30;100,00;100,00;100,00;99,10;712;771;-7,65;711;770;711;653;1;1;2,64;3,17;449;82;46;0;0;0;541;84;28;0;0;571;4;0;0;0;0;0;0;574;0;0;0;0;0;0;0;573;0;0;0;0;0;11.008,21;-54,60246141;-20,47593771;
SÃO CONRADO;8,37;24.697;18.541;2,42;29,50;22,30;11.945;9.229;12.751;9.312;93,68;99,11;6.957;5.349;2.014;5.934;17.044;1.698;1673;4.959;12677;905;31,6;28,99;31;26,38;28,61;18,25;289,49;312,77;44,78;46,26;9,96;7,14;34,82;39,12;2.014;2.076;1.844;1.760;1.911;2.084;2.172;2.195;1.901;1.471;1.362;1.162;1.026;743;679;276;1.044;1.048;950;887;961;995;2.082;1.612;1.118;823;417;970;1.028;894;873;950;1.089;2.285;1.760;1.408;946;542;8.906;1.972;45;13.550;185;96,10;96,10;95,90;99,40;99,20;99,50;99,10;99,10;97,90;98,00;96,30;94,00;90,40;86,80;77,50;59,10;10.206;6.194;64,77;10.205;6.194;10.203;5.648;1;0;2,81;3,28;7.980;582;188;3;0;0;5.330;68;206;44;0;7.126;1.577;52;0;0;0;0;0;1.375;212;4.643;2.508;0;0;0;0;8.759;0;0;0;0;0;2.205,09;-54,68780786;-20,49627770;
SÃO FRANCISCO;2,81;11.607;10.364;0,95;41,24;37,80;5.214;4.800;6.393;5.564;81,56;86,27;3.108;3.010;488;1.523;8.075;2.007;473;1.535;7526;1.303;39,1;37,65;40;35,95;131,78;84,89;157,01;157,14;43,72;37,71;24,85;17,31;18,86;20,40;488;538;497;660;757;883;914;909;919;772;745;799;717;653;866;488;237;260;254;328;342;424;859;751;668;586;498;246;275;243;330;415;459;964;940;876;784;858;7.504;454;472;3.141;24;98,90;98,90;98,90;99,70;99,50;99,40;99,20;99,30;98,90;99,60;99,30;99,50;99,30;98,80;97,90;93,20;6.425;4.669;37,61;6.421;4.662;6.421;3.676;4;7;2,32;2,81;1.987;470;2.541;0;0;0;2.186;315;1.165;10;0;4.991;0;0;0;0;0;0;0;4.846;45;69;3;0;0;0;0;4.592;399;0;0;0;0;7.544,61;-54,61740171;-20,44325105;
SÃO LOURENÇO;0,73;2.515;2.636;-0,39;34,34;36,13;1.141;1.217;1.374;1.419;83,04;85,76;679;827;130;394;1.752;369;167;463;1998;175;41,2;34,11;42;32,02;93,65;37,80;191,46;201,93;43,55;31,93;21,06;8,76;22,49;23,17;130;138;126;128;161;213;212;215;188;156;143;166;170;128;163;78;54;81;57;53;64;112;209;156;133;125;97;76;57;69;75;97;101;218;188;176;173;144;1.750;109;47;589;20;99,20;99,40;99,10;100,00;98,80;100,00;100,00;100,00;99,50;100,00;99,30;99,40;99,40;99,20;97,50;93,60;1.251;1.127;11,00;1.250;1.125;1.250;953;1;2;2,44;2,74;538;246;239;0;0;0;574;173;206;0;0;1.019;3;0;0;0;0;0;0;1.011;3;4;3;0;0;0;0;1.007;16;0;0;0;0;7.263,67;-54,58632886;-20,47635802;
SEMINÁRIO;3,30;7.797;4.761;4,20;23,62;14,33;3.721;2.321;4.076;2.440;91,29;95,12;2.371;1.457;497;1.464;5.726;600;344;1.043;3417;301;34,9;31,45;33;28,91;40,98;28,86;209,62;236,10;36,05;39,33;10,48;8,81;25,57;30,52;497;508;459;479;736;804;747;656;666;535;406;388;309;214;260;126;238;275;239;237;388;373;679;575;326;229;156;259;233;220;242;348;431;724;626;468;293;230;3.894;733;74;3.040;48;97,70;97,50;97,70;99,20;99,30;100,00;99,60;99,20;98,00;98,30;98,80;97,90;93,90;90,20;88,50;81,70;4.156;1.773;134,40;4.146;1.768;4.143;1.546;10;5;2,55;3,05;1.691;160;1.169;0;0;0;1.356;87;99;4;0;3.009;10;0;0;0;0;0;0;2.533;49;340;84;0;0;0;0;2.628;383;0;0;0;12;4.398,07;-54,61873632;-20,42010345;
SOBRINHO;6,23;9.929;11.245;-1,03;15,94;17,98;4.381;5.159;5.251;6.086;83,43;84,77;2.334;3.265;384;1.296;6.471;1.861;508;1.785;8053;1.407;38,6;37,29;40;35,98;143,60;78,82;164,52;155,59;48,79;39,64;28,76;17,47;20,03;22,17;384;424;488;587;605;678;611;645;718;683;681;663;600;530;841;490;206;193;248;314;296;343;627;613;570;479;488;176;231;238;273;309;335;629;788;774;651;843;5.514;469;244;3.351;52;99,00;99,00;99,10;98,80;99,80;99,60;99,50;99,20;99,60;99,30;98,80;99,70;98,30;98,50;98,50;97,60;4.562;4.441;2,72;4.555;4.434;4.555;3.848;7;7;2,56;2,92;2.685;265;779;4;0;0;2.852;162;818;16;0;3.510;220;0;0;0;0;0;0;3.609;71;27;10;0;0;0;0;3.705;19;0;0;0;7;4.514,31;-54,63985604;-20,44614811;
TAQUARUSSU;1,06;5.387;6.589;-1,66;50,67;62,41;2.521;3.059;2.866;3.530;87,96;86,66;1.354;1.948;276;899;3.700;788;404;1.238;4697;654;37,9;34,38;38;31,75;87,65;52,83;203,84;207,39;45,59;40,28;21,30;13,92;24,30;26,36;276;326;297;337;407;436;379;377;346;343;400;352;323;251;346;191;144;167;146;164;206;230;370;301;350;237;206;132;159;151;173;201;206;386;388;402;337;331;2.424;327;127;2.483;23;97,30;98,00;96,70;99,40;99,80;99,10;98,90;98,40;99,10;98,50;97,50;96,00;95,00;94,80;92,80;90,10;2.575;2.474;4,08;2.574;2.474;2.574;2.255;1;0;2,57;2,92;1.578;97;407;11;0;0;1.677;91;472;15;0;1.747;348;0;0;0;0;0;0;2.044;4;37;0;0;0;0;0;1.924;171;0;0;0;0;3.304,97;-54,63232503;-20,48028676;
TARUMÃ;2,64;7.420;6.768;0,77;28,06;25,47;3.531;3.311;3.878;3.457;91,05;95,78;2.012;1.978;494;1.637;5.041;731;526;1.636;4703;429;34,9;31,04;34;27,95;44,65;26,22;245,53;265,93;46,97;43,91;14,50;9,12;32,47;34,79;494;594;549;548;594;562;532;549;545;511;474;391;335;284;309;138;247;310;283;276;295;281;509;468;400;274;188;247;284;266;272;299;281;572;588;465;345;259;2.860;601;10;3.890;40;96,00;96,00;95,70;97,40;98,80;99,60;98,50;98,50;98,20;97,80;98,30;95,90;94,00;89,40;82,50;70,30;3.100;2.356;31,58;3.098;2.353;3.096;2.080;2;3;2,85;3,24;2.055;225;309;5;0;0;1.914;161;4;1;0;2.538;51;0;4;0;0;0;0;409;48;1.079;1.057;0;0;0;0;2.206;392;0;0;0;0;1.962,76;-54,67539373;-20,54616298;
TAVEIRÓPOLIS;12,16;5.062;6.002;-1,41;4,16;4,99;2.384;2.909;2.678;3.093;89,02;94,05;1.316;1.785;326;937;3.404;710;353;1.161;4330;511;38,9;33,84;40;32,07;75,77;44,01;247,72;197,76;48,38;38,61;20,86;11,80;27,53;26,81;326;312;299;283;267;389;458;419;389;339;317;279;264;237;298;175;179;165;146;136;132;165;434;361;276;201;178;147;147;153;147;135;224;443;367;320;298;293;2.801;266;76;1.883;30;99,10;99,40;98,70;100,00;100,00;99,50;99,30;99,50;100,00;99,10;98,70;99,60;98,10;97,50;97,70;96,60;2.133;2.107;1,23;2.127;2.101;2.126;1.900;6;6;2,77;3,14;1.363;384;64;0;0;0;1.413;421;64;2;0;1.425;387;0;0;0;0;0;0;1.311;385;76;28;0;0;0;0;1.819;0;0;0;0;0;4.198,97;-54,67074669;-20,47156284;
TIJUCA;3,40;15.443;14.136;0,74;45,45;41,53;7.436;6.772;8.007;7.364;92,87;91,96;4.320;4.372;1.023;3.227;10.816;1.395;1138;3.524;9973;639;35,1;29,82;35;27,78;43,23;18,13;236,81;260,29;42,73;41,74;12,90;6,41;29,84;35,34;1.023;1.117;1.087;1.024;1.147;1.219;1.241;1.273;1.303;1.091;949;838;731;572;600;223;535;584;530;521;574;549;1.229;1.105;857;582;368;488;533;557;503;573;670;1.285;1.289;930;721;455;6.583;1.073;81;7.589;93;96,80;97,00;96,40;99,00;99,50;98,90;98,50;98,60;97,90;97,20;97,80;97,50;93,20;92,50;86,70;78,00;6.622;5.012;32,12;6.619;5.009;6.616;4.476;3;3;2,75;3,15;4.755;511;323;9;0;0;3.868;277;323;8;0;5.489;89;0;0;0;0;0;0;1.040;372;2.523;1.658;0;0;0;0;5.604;0;0;0;0;0;2.874,57;-54,66346095;-20,51183086;
TIRADENTES;7,78;26.885;21.896;1,73;34,57;28,13;12.556;10.637;14.252;11.259;88,10;94,48;7.788;6.690;1.741;5.203;19.184;2.403;1620;5.051;15594;1.251;36,8;30,87;37;28,43;46,18;24,77;223,55;242,15;39,65;40,41;12,53;8,02;27,12;32,39;1.741;1.786;1.676;1.632;1.901;2.379;2.474;2.351;2.304;1.812;1.600;1.451;1.280;941;1.012;450;879;941;873;837;870;1.114;2.330;1.910;1.320;907;560;858;843;803;795;1.029;1.265;2.493;2.206;1.734;1.313;911;13.858;1.716;349;10.082;780;97,90;97,70;97,90;99,60;99,50;99,50;99,60;99,40;98,90;98,60;98,60;96,20;95,80;94,70;90,00;84,40;12.459;8.134;53,17;12.455;8.131;12.451;7.035;4;3;2,55;3,09;6.689;687;3.079;5;0;0;5.664;252;1.107;12;0;10.236;221;4;0;0;0;0;0;7.136;119;2.071;1.092;0;0;14;0;10.247;202;0;0;0;32;4.650,28;-54,56899796;-20,48078822;
TV MORENA;0,88;2.089;2.132;-0,17;23,66;24,61;1.003;1.016;1.086;1.116;92,36;91,04;484;631;99;316;1.445;328;106;340;1572;220;41,2;36,57;43;35,21;103,80;64,71;204,55;167,99;44,57;35,62;22,70;13,99;21,87;21,63;99;103;114;112;139;147;138;167;145;138;149;168;142;120;128;80;52;40;53;65;77;73;151;136;144;122;90;47;63;61;47;62;74;154;147;173;140;118;1.404;61;104;512;6;98,90;99,10;98,50;100,00;99,30;100,00;100,00;98,20;100,00;99,30;98,70;98,80;97,90;100,00;96,90;95,00;915;789;15,97;915;789;915;695;0;0;2,76;3,06;593;107;57;0;0;0;573;48;74;0;0;753;0;0;0;0;0;0;0;737;3;9;0;0;0;0;0;757;0;0;0;0;0;7.383,02;-54,60177700;-20,48444729;
UNIÃO;2,99;14.873;12.841;1,23;49,77;42,73;7.117;6.233;7.756;6.608;91,76;94,33;4.084;3.942;892;2.913;10.650;1.307;957;3.105;9109;627;33,1;30,28;33;28,36;44,87;20,19;218,41;242,77;39,62;40,97;12,27;6,88;27,35;34,09;892;1.035;986;1.049;1.083;1.082;1.061;1.242;1.342;1.101;1.030;888;772;505;550;252;446;552;495;557;566;535;1.067;1.151;880;552;316;446;483;491;492;517;547;1.236;1.292;1.038;725;489;7.210;936;57;6.559;91;98,40;98,40;98,20;99,10;99,30;99,30;99,30;99,80;99,10;99,20;99,40;98,60;97,30;94,90;93,80;84,90;5.830;4.201;38,78;5.830;4.200;5.829;3.901;0;1;2,83;3,29;4.951;287;3;3;0;0;3.816;76;1;8;0;5.002;236;0;0;0;0;0;0;4.163;745;303;14;0;0;0;0;5.242;3;0;0;0;0;3.440,88;-54,66383249;-20,48180237;
UNIVERSITÁRIO;9,34;22.611;21.704;0,34;24,20;23,81;10.975;10.669;11.636;11.035;94,32;96,68;5.913;6.569;1.537;4.524;15.809;2.265;1556;4.927;15564;1.213;33,6;30,99;33;28,4;50,07;24,62;259,94;236,87;42,94;39,45;14,33;7,79;28,62;31,66;1.537;1.528;1.459;1.563;1.635;1.763;1.668;1.718;1.723;1.578;1.499;1.473;1.189;876;993;396;816;778;753;825;831;840;1.655;1.572;1.344;952;590;719;744;704;733;798;923;1.731;1.728;1.630;1.113;798;9.535;1.726;86;11.149;83;96,50;97,00;95,90;98,70;98,90;99,50;99,20;98,80;98,80;97,80;96,70;96,10;95,90;90,90;84,60;71,70;9.520;7.828;21,61;9.517;7.824;9.515;6.912;3;4;2,74;3,14;7.541;680;6;0;0;0;6.284;593;24;11;0;8.193;27;3;0;0;0;0;0;4.323;886;1.754;1.192;0;50;0;0;8.193;28;0;0;0;13;2.463,18;-54,58617871;-20,52181538;
VERANEIO;9,17;8.254;7.385;0,93;9,01;8,03;3.932;3.598;4.322;3.787;90,98;95,01;2.348;2.149;649;1.995;5.689;566;734;2.311;4822;252;33,6;26,83;33;25,67;28,37;10,90;276,41;341,55;45,02;53,15;9,95;5,23;35,07;47,93;649;692;654;634;632;602;566;625;794;617;503;409;307;260;232;74;336;356;336;294;319;302;536;667;417;238;129;313;336;318;340;309;300;655;744;495;329;181;3.712;610;42;3.807;72;96,50;96,90;96,20;99,50;98,40;98,80;99,30;98,70;99,00;97,90;95,60;93,40;92,20;87,70;84,10;71,60;3.285;2.528;29,94;3.283;2.528;3.283;2.287;2;0;2,89;3,23;2.082;554;207;0;0;0;1.908;325;54;0;0;2.817;28;3;0;0;0;0;0;2.479;39;279;45;0;0;0;0;2.844;3;0;0;0;0;5.439,07;-54,55597237;-20,44626689;
VILASBOAS;3,09;7.579;6.688;1,05;24,54;22,41;3.595;3.288;3.984;3.400;90,24;96,71;1.987;2.007;406;1.238;5.374;967;390;1.230;4973;485;38,3;34,33;39;32,96;78,11;39,43;204,33;194,32;41,03;34,49;17,99;9,75;23,04;24,73;406;396;436;423;457;484;521;615;678;614;542;575;465;346;420;201;195;210;221;213;226;238;544;584;534;368;262;211;186;215;210;231;246;592;708;583;443;359;5.210;299;211;1.842;10;99,10;99,10;99,00;99,50;98,90;99,40;98,50;99,50;99,10;100,00;99,60;99,30;98,70;99,10;99,30;93,50;3.269;2.429;34,58;3.267;2.422;3.267;2.135;2;7;2,76;3,13;2.306;320;101;5;0;0;1.954;97;84;0;0;2.729;0;0;0;0;0;0;0;2.475;56;189;0;0;0;0;0;2.734;0;0;0;0;0;8.167,53;-54,58835014;-20,48689153;
DISTRITO DE ANHANDUÍ;4.606,72;4.413;4.267;0,28;0,01;0,01;2.265;2.350;2148;1.917;105,45;122,59;1.012;1.126;318;974;2.891;533;243;944;3.041;282;34,6;32,37;34;31,62;54,72;29,87;314,23;215,81;52,13;40,32;18,44;9,27;33,69;31,04;318;331;325;292;242;297;298;305;309;324;301;296;227;184;245;104;153;168;169;151;116;143;307;327;310;222;191;165;163;156;137;123;150;296;306;287;194;161;1.483;248;3;2.638;21;89,00;88,30;88,40;98,60;97,10;98,70;98,30;97,00;93,20;92,30;86,70;80,70;84,10;72,30;70,20;57,70;2.744;2.168;26,57;2.719;2.150;2.715;1.473;25;18;2,68;2,82;1.612;9;0;3;0;0;1.466;5;0;2;0;994;498;45;62;0;0;15;3;90;3;417;1.095;4;0;3;0;1.047;28;469;75;0;4;2.143,88;-54,3565145;-21,16958141;
DISTRITO DE ROCHEDINHO;516,25;1.375;1.093;1,93;0,03;0,02;748;609;627;484;119,30;125,83;220;237;65;241;855;269;60;235;752;106;36,5;36,68;37;37,79;111,62;45,11;295,45;253,16;59,65;45,35;31,46;14,10;28,19;31,25;65;86;90;69;49;61;57;81;86;102;117;116;117;119;115;35;25;43;45;40;25;36;66;107;133;122;95;38;41;45;26;20;21;73;80;100;114;58;479;83;7;789;14;92,70;91,40;93,90;100,00;91,80;96,70;98,20;95,10;89,50;95,10;94,90;95,70;93,20;85,70;92,20;65,70;1.131;638;77,27;1.130;635;1.127;404;1;3;2,48;2,67;550;0;0;0;0;0;396;0;0;8;0;55;444;0;33;0;0;0;0;0;0;261;282;0;0;0;0;22;96;344;34;0;51;2.776,71;-54,71088277;-20,27709429;
DEMAIS ÁREAS;2.600,64;8.487;7.235;1,34;0,03;0,03;3.841;4.172;3.520;3.063;109,12;136,21;1.678;1.659;496;1.619;4.899;824;568;1.738;5.043;454;33,9;31,48;33;30,66;50,90;26,12;295,59;342,37;49,87;43,47;16,82;9,00;33,05;34,46;496;578;545;522;444;432;465;490;578;513;464;514;477;346;341;137;265;302;281;259;221;209;486;565;487;482;264;229;274;260;250;217;216;469;526;493;343;214;2.649;517;57;3.352;760;92,90;92,40;92,30;98,70;98,00;99,80;97,40;96,10;95,70;92,60;91,20;88,90;86,40;88,20;82,40;77,40;4.497;3.059;47,01;4.446;3.033;4.443;2.154;51;26;2,82;3,02;2.559;0;0;7;0;0;2.115;1;1;37;0;539;1.409;504;90;0;0;3;0;93;22;1.177;1.250;0;0;3;0;1.362;362;672;90;3;63;3.290,45;-54,48714427;-20,64511239;
